{"shape": "triangle", "num_sides": 3, "num_lines": 5, "num_points": 5, "num_sides_with_points": 1, "num_points_on_sides": [2], "vertices": [[0, 20], [19, 20], [19, 1]], "bound_edges": [[[19, 1], [0, 20]], [[0, 20], [19, 20]], [[19, 20], [19, 1]]], "points_on_edge": [[19.0, 13.666666666666668], [19.0, 7.333333333333334]], "inner_edges": [[[19.0, 13.666666666666668], [0, 20]], [[19.0, 7.333333333333334], [0, 20]]]}