{"shape": "quadrilateral", "num_sides": 4, "num_lines": 14, "num_points": 9, "num_sides_with_points": 3, "num_points_on_sides": [1, 2, 2], "vertices": [[0, 15], [6, 20], [20, 15], [14, 3]], "bound_edges": [[[14, 3], [0, 15]], [[0, 15], [6, 20]], [[6, 20], [20, 15]], [[20, 15], [14, 3]]], "points_on_edge": [[13.0, 17.5], [9.333333333333334, 7.0], [4.666666666666668, 11.0], [18.0, 11.0], [16.0, 7.0]], "inner_edges": [[[13.0, 17.5], [14, 3]], [[9.333333333333334, 7.0], [16.0, 7.0]], [[9.333333333333334, 7.0], [13.0, 17.5]], [[4.666666666666668, 11.0], [18.0, 11.0]], [[4.666666666666668, 11.0], [13.0, 17.5]], [[18.0, 11.0], [0, 15]], [[18.0, 11.0], [9.333333333333334, 7.0]], [[18.0, 11.0], [6, 20]], [[16.0, 7.0], [0, 15]], [[16.0, 7.0], [4.666666666666668, 11.0]]]}