{"shape": "hexagon", "num_sides": 6, "num_lines": 16, "num_points": 12, "num_sides_with_points": 4, "num_points_on_sides": [2, 1, 2, 1], "vertices": [[0, 11], [1, 19], [15, 20], [20, 17], [14, 4], [8, 2]], "bound_edges": [[[8, 2], [0, 11]], [[0, 11], [1, 19]], [[1, 19], [15, 20]], [[15, 20], [20, 17]], [[20, 17], [14, 4]], [[14, 4], [8, 2]]], "points_on_edge": [[0.3333333333333333, 13.666666666666666], [0.6666666666666666, 16.333333333333332], [11.0, 3.0], [16.666666666666668, 19.0], [18.333333333333332, 18.0], [8.0, 19.5]], "inner_edges": [[[0.3333333333333333, 13.666666666666666], [20, 17]], [[0.3333333333333333, 13.666666666666666], [14, 4]], [[0.6666666666666666, 16.333333333333332], [20, 17]], [[11.0, 3.0], [18.333333333333332, 18.0]], [[11.0, 3.0], [15, 20]], [[16.666666666666668, 19.0], [8, 2]], [[16.666666666666668, 19.0], [14, 4]], [[18.333333333333332, 18.0], [8, 2]], [[18.333333333333332, 18.0], [14, 4]], [[8.0, 19.5], [16.666666666666668, 19.0]]]}