{"shape": "quadrilateral", "num_sides": 4, "num_lines": 11, "num_points": 8, "num_sides_with_points": 3, "num_points_on_sides": [1, 1, 2], "vertices": [[3, 19], [15, 18], [20, 13], [17, 1]], "bound_edges": [[[17, 1], [3, 19]], [[3, 19], [15, 18]], [[15, 18], [20, 13]], [[20, 13], [17, 1]]], "points_on_edge": [[9.0, 18.5], [17.5, 15.5], [12.333333333333334, 7.0], [7.666666666666668, 13.0]], "inner_edges": [[[9.0, 18.5], [20, 13]], [[9.0, 18.5], [7.666666666666668, 13.0]], [[9.0, 18.5], [12.333333333333334, 7.0]], [[17.5, 15.5], [9.0, 18.5]], [[12.333333333333334, 7.0], [17.5, 15.5]], [[12.333333333333334, 7.0], [20, 13]], [[7.666666666666668, 13.0], [17.5, 15.5]]]}