{"shape": "hexagon", "num_sides": 6, "num_lines": 14, "num_points": 9, "num_sides_with_points": 2, "num_points_on_sides": [2, 1], "vertices": [[0, 10], [1, 16], [13, 19], [20, 14], [18, 3], [8, 0]], "bound_edges": [[[8, 0], [0, 10]], [[0, 10], [1, 16]], [[1, 16], [13, 19]], [[13, 19], [20, 14]], [[20, 14], [18, 3]], [[18, 3], [8, 0]]], "points_on_edge": [[19.333333333333332, 10.333333333333334], [18.666666666666668, 6.666666666666667], [0.5, 13.0]], "inner_edges": [[[19.333333333333332, 10.333333333333334], [0.5, 13.0]], [[19.333333333333332, 10.333333333333334], [0, 10]], [[18.666666666666668, 6.666666666666667], [13, 19]], [[18.666666666666668, 6.666666666666667], [0.5, 13.0]], [[18.666666666666668, 6.666666666666667], [1, 16]], [[18.666666666666668, 6.666666666666667], [0, 10]], [[18.666666666666668, 6.666666666666667], [8, 0]], [[0.5, 13.0], [18, 3]]]}