{"shape": "pentagon", "num_sides": 5, "num_lines": 13, "num_points": 13, "num_sides_with_points": 5, "num_points_on_sides": [2, 1, 1, 2, 2], "vertices": [[1, 5], [6, 20], [18, 18], [20, 9], [15, 2]], "bound_edges": [[[15, 2], [1, 5]], [[1, 5], [6, 20]], [[6, 20], [18, 18]], [[18, 18], [20, 9]], [[20, 9], [15, 2]]], "points_on_edge": [[10.333333333333334, 3.0], [5.666666666666668, 4.0], [19.0, 13.5], [3.5, 12.5], [18.333333333333332, 6.666666666666667], [16.666666666666668, 4.333333333333334], [10.0, 19.333333333333332], [14.0, 18.666666666666668]], "inner_edges": [[[10.333333333333334, 3.0], [20, 9]], [[5.666666666666668, 4.0], [14.0, 18.666666666666668]], [[19.0, 13.5], [15, 2]], [[3.5, 12.5], [10.333333333333334, 3.0]], [[18.333333333333332, 6.666666666666667], [18, 18]], [[16.666666666666668, 4.333333333333334], [19.0, 13.5]], [[10.0, 19.333333333333332], [10.333333333333334, 3.0]], [[14.0, 18.666666666666668], [10.333333333333334, 3.0]]]}