{"shape": "quadrilateral", "num_sides": 4, "num_lines": 17, "num_points": 12, "num_sides_with_points": 4, "num_points_on_sides": [2, 2, 2, 2], "vertices": [[1, 20], [10, 19], [20, 11], [9, 3]], "bound_edges": [[[9, 3], [1, 20]], [[1, 20], [10, 19]], [[10, 19], [20, 11]], [[20, 11], [9, 3]]], "points_on_edge": [[6.333333333333334, 8.666666666666666], [3.666666666666667, 14.333333333333332], [4.0, 19.666666666666668], [7.0, 19.333333333333332], [13.333333333333332, 16.333333333333332], [16.666666666666664, 13.666666666666668], [16.333333333333332, 8.333333333333334], [12.666666666666668, 5.666666666666667]], "inner_edges": [[[6.333333333333334, 8.666666666666666], [16.666666666666664, 13.666666666666668]], [[6.333333333333334, 8.666666666666666], [20, 11]], [[3.666666666666667, 14.333333333333332], [13.333333333333332, 16.333333333333332]], [[3.666666666666667, 14.333333333333332], [20, 11]], [[4.0, 19.666666666666668], [20, 11]], [[7.0, 19.333333333333332], [9, 3]], [[7.0, 19.333333333333332], [20, 11]], [[13.333333333333332, 16.333333333333332], [16.333333333333332, 8.333333333333334]], [[16.666666666666664, 13.666666666666668], [16.333333333333332, 8.333333333333334]], [[16.666666666666664, 13.666666666666668], [3.666666666666667, 14.333333333333332]], [[16.333333333333332, 8.333333333333334], [10, 19]], [[12.666666666666668, 5.666666666666667], [13.333333333333332, 16.333333333333332]], [[12.666666666666668, 5.666666666666667], [16.666666666666664, 13.666666666666668]]]}