{"shape": "hexagon", "num_sides": 6, "num_lines": 17, "num_points": 11, "num_sides_with_points": 3, "num_points_on_sides": [1, 2, 2], "vertices": [[0, 15], [4, 19], [19, 16], [20, 6], [13, 0], [2, 0]], "bound_edges": [[[2, 0], [0, 15]], [[0, 15], [4, 19]], [[4, 19], [19, 16]], [[19, 16], [20, 6]], [[20, 6], [13, 0]], [[13, 0], [2, 0]]], "points_on_edge": [[19.5, 11.0], [9.333333333333334, 0.0], [5.666666666666667, 0.0], [1.3333333333333333, 16.333333333333332], [2.6666666666666665, 17.666666666666668]], "inner_edges": [[[19.5, 11.0], [1.3333333333333333, 16.333333333333332]], [[19.5, 11.0], [5.666666666666667, 0.0]], [[19.5, 11.0], [13, 0]], [[9.333333333333334, 0.0], [1.3333333333333333, 16.333333333333332]], [[5.666666666666667, 0.0], [20, 6]], [[5.666666666666667, 0.0], [19, 16]], [[1.3333333333333333, 16.333333333333332], [13, 0]], [[1.3333333333333333, 16.333333333333332], [2, 0]], [[1.3333333333333333, 16.333333333333332], [5.666666666666667, 0.0]], [[2.6666666666666665, 17.666666666666668], [19, 16]], [[2.6666666666666665, 17.666666666666668], [9.333333333333334, 0.0]]]}