{"shape": "quadrilateral", "num_sides": 4, "num_lines": 14, "num_points": 9, "num_sides_with_points": 4, "num_points_on_sides": [1, 1, 2, 1], "vertices": [[0, 20], [13, 16], [18, 9], [13, 1]], "bound_edges": [[[13, 1], [0, 20]], [[0, 20], [13, 16]], [[13, 16], [18, 9]], [[18, 9], [13, 1]]], "points_on_edge": [[6.5, 18.0], [6.5, 10.5], [14.666666666666666, 13.666666666666668], [16.333333333333332, 11.333333333333334], [15.5, 5.0]], "inner_edges": [[[6.5, 18.0], [16.333333333333332, 11.333333333333334]], [[6.5, 10.5], [6.5, 18.0]], [[14.666666666666666, 13.666666666666668], [13, 1]], [[14.666666666666666, 13.666666666666668], [6.5, 18.0]], [[16.333333333333332, 11.333333333333334], [6.5, 10.5]], [[16.333333333333332, 11.333333333333334], [15.5, 5.0]], [[16.333333333333332, 11.333333333333334], [0, 20]], [[15.5, 5.0], [6.5, 10.5]], [[15.5, 5.0], [14.666666666666666, 13.666666666666668]], [[15.5, 5.0], [13, 16]]]}