{"shape": "pentagon", "num_sides": 5, "num_lines": 20, "num_points": 12, "num_sides_with_points": 4, "num_points_on_sides": [2, 1, 2, 2], "vertices": [[0, 18], [16, 18], [19, 11], [12, 3], [3, 0]], "bound_edges": [[[3, 0], [0, 18]], [[0, 18], [16, 18]], [[16, 18], [19, 11]], [[19, 11], [12, 3]], [[12, 3], [3, 0]]], "points_on_edge": [[17.0, 15.666666666666668], [18.0, 13.333333333333334], [7.5, 1.5], [2.0, 6.0], [1.0, 12.0], [5.333333333333333, 18.0], [10.666666666666666, 18.0]], "inner_edges": [[[17.0, 15.666666666666668], [1.0, 12.0]], [[17.0, 15.666666666666668], [10.666666666666666, 18.0]], [[18.0, 13.333333333333334], [3, 0]], [[7.5, 1.5], [17.0, 15.666666666666668]], [[7.5, 1.5], [5.333333333333333, 18.0]], [[2.0, 6.0], [17.0, 15.666666666666668]], [[2.0, 6.0], [18.0, 13.333333333333334]], [[2.0, 6.0], [7.5, 1.5]], [[1.0, 12.0], [18.0, 13.333333333333334]], [[1.0, 12.0], [16, 18]], [[1.0, 12.0], [7.5, 1.5]], [[5.333333333333333, 18.0], [18.0, 13.333333333333334]], [[5.333333333333333, 18.0], [19, 11]], [[10.666666666666666, 18.0], [7.5, 1.5]], [[10.666666666666666, 18.0], [3, 0]]]}