{"shape": "pentagon", "num_sides": 5, "num_lines": 9, "num_points": 7, "num_sides_with_points": 1, "num_points_on_sides": [2], "vertices": [[0, 20], [13, 20], [19, 14], [16, 0], [5, 0]], "bound_edges": [[[5, 0], [0, 20]], [[0, 20], [13, 20]], [[13, 20], [19, 14]], [[19, 14], [16, 0]], [[16, 0], [5, 0]]], "points_on_edge": [[12.333333333333334, 0.0], [8.666666666666668, 0.0]], "inner_edges": [[[12.333333333333334, 0.0], [19, 14]], [[8.666666666666668, 0.0], [19, 14]], [[8.666666666666668, 0.0], [13, 20]], [[8.666666666666668, 0.0], [0, 20]]]}