{"shape": "pentagon", "num_sides": 5, "num_lines": 8, "num_points": 8, "num_sides_with_points": 2, "num_points_on_sides": [2, 1], "vertices": [[0, 5], [2, 20], [18, 18], [16, 6], [7, 1]], "bound_edges": [[[7, 1], [0, 5]], [[0, 5], [2, 20]], [[2, 20], [18, 18]], [[18, 18], [16, 6]], [[16, 6], [7, 1]]], "points_on_edge": [[7.333333333333333, 19.333333333333332], [12.666666666666666, 18.666666666666668], [11.5, 3.5]], "inner_edges": [[[7.333333333333333, 19.333333333333332], [7, 1]], [[12.666666666666666, 18.666666666666668], [7, 1]], [[11.5, 3.5], [12.666666666666666, 18.666666666666668]]]}