{"shape": "pentagon", "num_sides": 5, "num_lines": 14, "num_points": 8, "num_sides_with_points": 2, "num_points_on_sides": [1, 2], "vertices": [[0, 13], [1, 17], [5, 20], [17, 12], [19, 5]], "bound_edges": [[[19, 5], [0, 13]], [[0, 13], [1, 17]], [[1, 17], [5, 20]], [[5, 20], [17, 12]], [[17, 12], [19, 5]]], "points_on_edge": [[11.0, 16.0], [0.3333333333333333, 14.333333333333334], [0.6666666666666666, 15.666666666666666]], "inner_edges": [[[11.0, 16.0], [0.3333333333333333, 14.333333333333334]], [[11.0, 16.0], [0.6666666666666666, 15.666666666666666]], [[11.0, 16.0], [1, 17]], [[0.3333333333333333, 14.333333333333334], [19, 5]], [[0.3333333333333333, 14.333333333333334], [17, 12]], [[0.3333333333333333, 14.333333333333334], [5, 20]], [[0.6666666666666666, 15.666666666666666], [5, 20]], [[0.6666666666666666, 15.666666666666666], [19, 5]], [[0.6666666666666666, 15.666666666666666], [17, 12]]]}