{"shape": "quadrilateral", "num_sides": 4, "num_lines": 11, "num_points": 8, "num_sides_with_points": 2, "num_points_on_sides": [2, 2], "vertices": [[0, 4], [1, 19], [20, 20], [16, 2]], "bound_edges": [[[16, 2], [0, 4]], [[0, 4], [1, 19]], [[1, 19], [20, 20]], [[20, 20], [16, 2]]], "points_on_edge": [[0.3333333333333333, 9.0], [0.6666666666666666, 14.0], [18.666666666666668, 14.0], [17.333333333333332, 8.0]], "inner_edges": [[[0.3333333333333333, 9.0], [16, 2]], [[0.3333333333333333, 9.0], [20, 20]], [[0.3333333333333333, 9.0], [18.666666666666668, 14.0]], [[0.6666666666666666, 14.0], [20, 20]], [[18.666666666666668, 14.0], [0, 4]], [[18.666666666666668, 14.0], [0.6666666666666666, 14.0]], [[17.333333333333332, 8.0], [0, 4]]]}