{"shape": "pentagon", "num_sides": 5, "num_lines": 18, "num_points": 11, "num_sides_with_points": 5, "num_points_on_sides": [1, 1, 1, 2, 1], "vertices": [[0, 11], [6, 18], [20, 18], [20, 2], [12, 1]], "bound_edges": [[[12, 1], [0, 11]], [[0, 11], [6, 18]], [[6, 18], [20, 18]], [[20, 18], [20, 2]], [[20, 2], [12, 1]]], "points_on_edge": [[3.0, 14.5], [20.0, 10.0], [6.0, 6.0], [10.666666666666666, 18.0], [15.333333333333332, 18.0], [16.0, 1.5]], "inner_edges": [[[3.0, 14.5], [20.0, 10.0]], [[3.0, 14.5], [16.0, 1.5]], [[20.0, 10.0], [15.333333333333332, 18.0]], [[20.0, 10.0], [6.0, 6.0]], [[20.0, 10.0], [12, 1]], [[6.0, 6.0], [15.333333333333332, 18.0]], [[6.0, 6.0], [3.0, 14.5]], [[10.666666666666666, 18.0], [0, 11]], [[10.666666666666666, 18.0], [20.0, 10.0]], [[15.333333333333332, 18.0], [16.0, 1.5]], [[15.333333333333332, 18.0], [12, 1]], [[16.0, 1.5], [20, 18]], [[16.0, 1.5], [10.666666666666666, 18.0]]]}