{"shape": "pentagon", "num_sides": 5, "num_lines": 32, "num_points": 13, "num_sides_with_points": 5, "num_points_on_sides": [2, 2, 2, 1, 1], "vertices": [[3, 16], [5, 20], [15, 17], [19, 0], [5, 0]], "bound_edges": [[[5, 0], [3, 16]], [[3, 16], [5, 20]], [[5, 20], [15, 17]], [[15, 17], [19, 0]], [[19, 0], [5, 0]]], "points_on_edge": [[14.333333333333334, 0.0], [9.666666666666668, 0.0], [8.333333333333332, 19.0], [11.666666666666666, 18.0], [4.333333333333333, 5.333333333333333], [3.666666666666667, 10.666666666666666], [4.0, 18.0], [17.0, 8.5]], "inner_edges": [[[14.333333333333334, 0.0], [4.333333333333333, 5.333333333333333]], [[14.333333333333334, 0.0], [3, 16]], [[14.333333333333334, 0.0], [15, 17]], [[14.333333333333334, 0.0], [17.0, 8.5]], [[14.333333333333334, 0.0], [3.666666666666667, 10.666666666666666]], [[9.666666666666668, 0.0], [8.333333333333332, 19.0]], [[9.666666666666668, 0.0], [17.0, 8.5]], [[9.666666666666668, 0.0], [3.666666666666667, 10.666666666666666]], [[9.666666666666668, 0.0], [5, 20]], [[9.666666666666668, 0.0], [11.666666666666666, 18.0]], [[8.333333333333332, 19.0], [5, 0]], [[8.333333333333332, 19.0], [4.0, 18.0]], [[8.333333333333332, 19.0], [19, 0]], [[8.333333333333332, 19.0], [3, 16]], [[11.666666666666666, 18.0], [4.333333333333333, 5.333333333333333]], [[4.333333333333333, 5.333333333333333], [5, 20]], [[4.333333333333333, 5.333333333333333], [9.666666666666668, 0.0]], [[3.666666666666667, 10.666666666666666], [8.333333333333332, 19.0]], [[3.666666666666667, 10.666666666666666], [5, 20]], [[3.666666666666667, 10.666666666666666], [11.666666666666666, 18.0]], [[4.0, 18.0], [15, 17]], [[4.0, 18.0], [9.666666666666668, 0.0]], [[4.0, 18.0], [5, 0]], [[4.0, 18.0], [14.333333333333334, 0.0]], [[17.0, 8.5], [4.333333333333333, 5.333333333333333]], [[17.0, 8.5], [8.333333333333332, 19.0]], [[17.0, 8.5], [4.0, 18.0]]]}