{"shape": "hexagon", "num_sides": 6, "num_lines": 15, "num_points": 12, "num_sides_with_points": 4, "num_points_on_sides": [2, 1, 2, 1], "vertices": [[0, 4], [1, 17], [5, 20], [20, 20], [20, 3], [14, 0]], "bound_edges": [[[14, 0], [0, 4]], [[0, 4], [1, 17]], [[1, 17], [5, 20]], [[5, 20], [20, 20]], [[20, 20], [20, 3]], [[20, 3], [14, 0]]], "points_on_edge": [[20.0, 14.333333333333334], [20.0, 8.666666666666668], [12.5, 20.0], [0.3333333333333333, 8.333333333333332], [0.6666666666666666, 12.666666666666666], [17.0, 1.5]], "inner_edges": [[[20.0, 14.333333333333334], [17.0, 1.5]], [[20.0, 14.333333333333334], [12.5, 20.0]], [[20.0, 8.666666666666668], [0.6666666666666666, 12.666666666666666]], [[20.0, 8.666666666666668], [12.5, 20.0]], [[12.5, 20.0], [17.0, 1.5]], [[12.5, 20.0], [20, 3]], [[0.3333333333333333, 8.333333333333332], [20, 3]], [[0.6666666666666666, 12.666666666666666], [20, 20]], [[17.0, 1.5], [20, 20]]]}