{"shape": "pentagon", "num_sides": 5, "num_lines": 26, "num_points": 11, "num_sides_with_points": 4, "num_points_on_sides": [2, 1, 1, 2], "vertices": [[0, 12], [4, 18], [18, 17], [20, 9], [16, 0]], "bound_edges": [[[16, 0], [0, 12]], [[0, 12], [4, 18]], [[4, 18], [18, 17]], [[18, 17], [20, 9]], [[20, 9], [16, 0]]], "points_on_edge": [[18.666666666666668, 6.0], [17.333333333333332, 3.0], [8.0, 6.0], [11.0, 17.5], [1.3333333333333333, 14.0], [2.6666666666666665, 16.0]], "inner_edges": [[[18.666666666666668, 6.0], [1.3333333333333333, 14.0]], [[18.666666666666668, 6.0], [18, 17]], [[18.666666666666668, 6.0], [4, 18]], [[18.666666666666668, 6.0], [0, 12]], [[18.666666666666668, 6.0], [8.0, 6.0]], [[17.333333333333332, 3.0], [11.0, 17.5]], [[17.333333333333332, 3.0], [8.0, 6.0]], [[17.333333333333332, 3.0], [2.6666666666666665, 16.0]], [[17.333333333333332, 3.0], [1.3333333333333333, 14.0]], [[8.0, 6.0], [2.6666666666666665, 16.0]], [[8.0, 6.0], [1.3333333333333333, 14.0]], [[8.0, 6.0], [20, 9]], [[11.0, 17.5], [16, 0]], [[1.3333333333333333, 14.0], [16, 0]], [[1.3333333333333333, 14.0], [18, 17]], [[1.3333333333333333, 14.0], [20, 9]], [[2.6666666666666665, 16.0], [11.0, 17.5]], [[2.6666666666666665, 16.0], [20, 9]], [[2.6666666666666665, 16.0], [18, 17]], [[2.6666666666666665, 16.0], [16, 0]], [[2.6666666666666665, 16.0], [18.666666666666668, 6.0]]]}