{"shape": "quadrilateral", "num_sides": 4, "num_lines": 9, "num_points": 9, "num_sides_with_points": 4, "num_points_on_sides": [1, 2, 1, 1], "vertices": [[2, 19], [16, 18], [20, 9], [18, 2]], "bound_edges": [[[18, 2], [2, 19]], [[2, 19], [16, 18]], [[16, 18], [20, 9]], [[20, 9], [18, 2]]], "points_on_edge": [[10.0, 10.5], [17.333333333333332, 15.0], [18.666666666666668, 12.0], [9.0, 18.5], [19.0, 5.5]], "inner_edges": [[[10.0, 10.5], [16, 18]], [[17.333333333333332, 15.0], [10.0, 10.5]], [[18.666666666666668, 12.0], [18, 2]], [[9.0, 18.5], [20, 9]], [[19.0, 5.5], [2, 19]]]}