{"shape": "pentagon", "num_sides": 5, "num_lines": 17, "num_points": 9, "num_sides_with_points": 2, "num_points_on_sides": [2, 2], "vertices": [[0, 12], [7, 18], [20, 13], [20, 0], [3, 0]], "bound_edges": [[[3, 0], [0, 12]], [[0, 12], [7, 18]], [[7, 18], [20, 13]], [[20, 13], [20, 0]], [[20, 0], [3, 0]]], "points_on_edge": [[2.0, 4.0], [1.0, 8.0], [14.333333333333334, 0.0], [8.666666666666668, 0.0]], "inner_edges": [[[2.0, 4.0], [20, 13]], [[2.0, 4.0], [8.666666666666668, 0.0]], [[1.0, 8.0], [8.666666666666668, 0.0]], [[1.0, 8.0], [7, 18]], [[1.0, 8.0], [20, 13]], [[14.333333333333334, 0.0], [1.0, 8.0]], [[14.333333333333334, 0.0], [20, 13]], [[14.333333333333334, 0.0], [2.0, 4.0]], [[14.333333333333334, 0.0], [7, 18]], [[8.666666666666668, 0.0], [0, 12]], [[8.666666666666668, 0.0], [20, 13]], [[8.666666666666668, 0.0], [7, 18]]]}