{"shape": "quadrilateral", "num_sides": 4, "num_lines": 10, "num_points": 7, "num_sides_with_points": 2, "num_points_on_sides": [1, 2], "vertices": [[1, 20], [12, 20], [20, 0], [9, 0]], "bound_edges": [[[9, 0], [1, 20]], [[1, 20], [12, 20]], [[12, 20], [20, 0]], [[20, 0], [9, 0]]], "points_on_edge": [[6.5, 20.0], [16.333333333333332, 0.0], [12.666666666666668, 0.0]], "inner_edges": [[[6.5, 20.0], [12.666666666666668, 0.0]], [[16.333333333333332, 0.0], [12, 20]], [[16.333333333333332, 0.0], [1, 20]], [[16.333333333333332, 0.0], [6.5, 20.0]], [[12.666666666666668, 0.0], [12, 20]], [[12.666666666666668, 0.0], [1, 20]]]}