{"shape": "pentagon", "num_sides": 5, "num_lines": 13, "num_points": 13, "num_sides_with_points": 5, "num_points_on_sides": [1, 2, 1, 2, 2], "vertices": [[0, 8], [7, 20], [19, 20], [19, 4], [8, 0]], "bound_edges": [[[8, 0], [0, 8]], [[0, 8], [7, 20]], [[7, 20], [19, 20]], [[19, 20], [19, 4]], [[19, 4], [8, 0]]], "points_on_edge": [[13.0, 20.0], [19.0, 14.666666666666668], [19.0, 9.333333333333334], [4.0, 4.0], [15.333333333333334, 2.666666666666667], [11.666666666666668, 1.3333333333333335], [2.333333333333333, 12.0], [4.666666666666666, 16.0]], "inner_edges": [[[13.0, 20.0], [15.333333333333334, 2.666666666666667]], [[19.0, 14.666666666666668], [15.333333333333334, 2.666666666666667]], [[19.0, 9.333333333333334], [13.0, 20.0]], [[4.0, 4.0], [11.666666666666668, 1.3333333333333335]], [[15.333333333333334, 2.666666666666667], [19, 20]], [[11.666666666666668, 1.3333333333333335], [13.0, 20.0]], [[2.333333333333333, 12.0], [4.0, 4.0]], [[4.666666666666666, 16.0], [11.666666666666668, 1.3333333333333335]]]}