{"shape": "pentagon", "num_sides": 5, "num_lines": 12, "num_points": 10, "num_sides_with_points": 3, "num_points_on_sides": [1, 2, 2], "vertices": [[2, 17], [12, 19], [15, 17], [20, 1], [8, 0]], "bound_edges": [[[8, 0], [2, 17]], [[2, 17], [12, 19]], [[12, 19], [15, 17]], [[15, 17], [20, 1]], [[20, 1], [8, 0]]], "points_on_edge": [[13.5, 18.0], [6.0, 5.666666666666666], [4.0, 11.333333333333332], [16.0, 0.6666666666666667], [12.0, 0.33333333333333337]], "inner_edges": [[[13.5, 18.0], [12.0, 0.33333333333333337]], [[6.0, 5.666666666666666], [13.5, 18.0]], [[4.0, 11.333333333333332], [12, 19]], [[16.0, 0.6666666666666667], [12, 19]], [[16.0, 0.6666666666666667], [6.0, 5.666666666666666]], [[12.0, 0.33333333333333337], [2, 17]], [[12.0, 0.33333333333333337], [4.0, 11.333333333333332]]]}