{"shape": "pentagon", "num_sides": 5, "num_lines": 9, "num_points": 7, "num_sides_with_points": 1, "num_points_on_sides": [2], "vertices": [[0, 10], [6, 18], [19, 12], [20, 3], [0, 0]], "bound_edges": [[[0, 0], [0, 10]], [[0, 10], [6, 18]], [[6, 18], [19, 12]], [[19, 12], [20, 3]], [[20, 3], [0, 0]]], "points_on_edge": [[0.0, 3.333333333333333], [0.0, 6.666666666666666]], "inner_edges": [[[0.0, 3.333333333333333], [19, 12]], [[0.0, 6.666666666666666], [19, 12]], [[0.0, 6.666666666666666], [20, 3]], [[0.0, 6.666666666666666], [6, 18]]]}