{"shape": "hexagon", "num_sides": 6, "num_lines": 16, "num_points": 9, "num_sides_with_points": 2, "num_points_on_sides": [2, 1], "vertices": [[0, 10], [11, 18], [18, 18], [20, 15], [19, 10], [16, 8]], "bound_edges": [[[16, 8], [0, 10]], [[0, 10], [11, 18]], [[11, 18], [18, 18]], [[18, 18], [20, 15]], [[20, 15], [19, 10]], [[19, 10], [16, 8]]], "points_on_edge": [[19.666666666666668, 13.333333333333334], [19.333333333333332, 11.666666666666668], [5.5, 14.0]], "inner_edges": [[[19.666666666666668, 13.333333333333334], [18, 18]], [[19.666666666666668, 13.333333333333334], [11, 18]], [[19.666666666666668, 13.333333333333334], [16, 8]], [[19.333333333333332, 11.666666666666668], [5.5, 14.0]], [[19.333333333333332, 11.666666666666668], [16, 8]], [[19.333333333333332, 11.666666666666668], [11, 18]], [[5.5, 14.0], [19, 10]], [[5.5, 14.0], [20, 15]], [[5.5, 14.0], [19.666666666666668, 13.333333333333334]], [[5.5, 14.0], [16, 8]]]}