{"shape": "pentagon", "num_sides": 5, "num_lines": 20, "num_points": 11, "num_sides_with_points": 4, "num_points_on_sides": [1, 1, 2, 2], "vertices": [[1, 16], [15, 20], [19, 18], [18, 7], [12, 0]], "bound_edges": [[[12, 0], [1, 16]], [[1, 16], [15, 20]], [[15, 20], [19, 18]], [[19, 18], [18, 7]], [[18, 7], [12, 0]]], "points_on_edge": [[6.5, 8.0], [8.0, 18.0], [16.0, 4.666666666666667], [14.0, 2.333333333333334], [18.666666666666668, 14.333333333333334], [18.333333333333332, 10.666666666666668]], "inner_edges": [[[6.5, 8.0], [14.0, 2.333333333333334]], [[8.0, 18.0], [18.666666666666668, 14.333333333333334]], [[8.0, 18.0], [18, 7]], [[16.0, 4.666666666666667], [8.0, 18.0]], [[14.0, 2.333333333333334], [19, 18]], [[14.0, 2.333333333333334], [1, 16]], [[14.0, 2.333333333333334], [8.0, 18.0]], [[14.0, 2.333333333333334], [18.666666666666668, 14.333333333333334]], [[18.666666666666668, 14.333333333333334], [1, 16]], [[18.666666666666668, 14.333333333333334], [16.0, 4.666666666666667]], [[18.666666666666668, 14.333333333333334], [12, 0]], [[18.666666666666668, 14.333333333333334], [15, 20]], [[18.333333333333332, 10.666666666666668], [15, 20]], [[18.333333333333332, 10.666666666666668], [8.0, 18.0]], [[18.333333333333332, 10.666666666666668], [14.0, 2.333333333333334]]]}