{"shape": "hexagon", "num_sides": 6, "num_lines": 18, "num_points": 11, "num_sides_with_points": 3, "num_points_on_sides": [2, 2, 1], "vertices": [[1, 19], [14, 19], [18, 15], [20, 7], [17, 2], [5, 0]], "bound_edges": [[[5, 0], [1, 19]], [[1, 19], [14, 19]], [[14, 19], [18, 15]], [[18, 15], [20, 7]], [[20, 7], [17, 2]], [[17, 2], [5, 0]]], "points_on_edge": [[15.333333333333334, 17.666666666666668], [16.666666666666668, 16.333333333333332], [13.0, 1.3333333333333335], [9.0, 0.6666666666666667], [3.0, 9.5]], "inner_edges": [[[15.333333333333334, 17.666666666666668], [3.0, 9.5]], [[16.666666666666668, 16.333333333333332], [17, 2]], [[16.666666666666668, 16.333333333333332], [9.0, 0.6666666666666667]], [[16.666666666666668, 16.333333333333332], [20, 7]], [[16.666666666666668, 16.333333333333332], [3.0, 9.5]], [[13.0, 1.3333333333333335], [1, 19]], [[13.0, 1.3333333333333335], [14, 19]], [[13.0, 1.3333333333333335], [18, 15]], [[9.0, 0.6666666666666667], [20, 7]], [[3.0, 9.5], [14, 19]], [[3.0, 9.5], [9.0, 0.6666666666666667]], [[3.0, 9.5], [18, 15]]]}