{"shape": "triangle", "num_sides": 3, "num_lines": 8, "num_points": 8, "num_sides_with_points": 3, "num_points_on_sides": [2, 2, 1], "vertices": [[0, 20], [16, 19], [18, 1]], "bound_edges": [[[18, 1], [0, 20]], [[0, 20], [16, 19]], [[16, 19], [18, 1]]], "points_on_edge": [[5.333333333333333, 19.666666666666668], [10.666666666666666, 19.333333333333332], [16.666666666666668, 13.0], [17.333333333333332, 7.0], [9.0, 10.5]], "inner_edges": [[[5.333333333333333, 19.666666666666668], [17.333333333333332, 7.0]], [[10.666666666666666, 19.333333333333332], [17.333333333333332, 7.0]], [[16.666666666666668, 13.0], [0, 20]], [[17.333333333333332, 7.0], [9.0, 10.5]], [[9.0, 10.5], [5.333333333333333, 19.666666666666668]]]}