{"shape": "quadrilateral", "num_sides": 4, "num_lines": 25, "num_points": 12, "num_sides_with_points": 4, "num_points_on_sides": [2, 2, 2, 2], "vertices": [[4, 16], [8, 20], [20, 19], [20, 1]], "bound_edges": [[[20, 1], [4, 16]], [[4, 16], [8, 20]], [[8, 20], [20, 19]], [[20, 19], [20, 1]]], "points_on_edge": [[5.333333333333333, 17.333333333333332], [6.666666666666666, 18.666666666666668], [20.0, 13.0], [20.0, 7.0], [14.666666666666668, 6.0], [9.333333333333334, 11.0], [12.0, 19.666666666666668], [16.0, 19.333333333333332]], "inner_edges": [[[5.333333333333333, 17.333333333333332], [9.333333333333334, 11.0]], [[5.333333333333333, 17.333333333333332], [12.0, 19.666666666666668]], [[6.666666666666666, 18.666666666666668], [16.0, 19.333333333333332]], [[6.666666666666666, 18.666666666666668], [9.333333333333334, 11.0]], [[20.0, 13.0], [5.333333333333333, 17.333333333333332]], [[20.0, 13.0], [16.0, 19.333333333333332]], [[20.0, 13.0], [4, 16]], [[20.0, 13.0], [6.666666666666666, 18.666666666666668]], [[20.0, 7.0], [5.333333333333333, 17.333333333333332]], [[20.0, 7.0], [4, 16]], [[20.0, 7.0], [9.333333333333334, 11.0]], [[14.666666666666668, 6.0], [20.0, 13.0]], [[14.666666666666668, 6.0], [20, 19]], [[9.333333333333334, 11.0], [12.0, 19.666666666666668]], [[9.333333333333334, 11.0], [8, 20]], [[9.333333333333334, 11.0], [20, 19]], [[12.0, 19.666666666666668], [6.666666666666666, 18.666666666666668]], [[16.0, 19.333333333333332], [9.333333333333334, 11.0]], [[16.0, 19.333333333333332], [4, 16]], [[16.0, 19.333333333333332], [20, 1]], [[16.0, 19.333333333333332], [14.666666666666668, 6.0]]]}