{"shape": "quadrilateral", "num_sides": 4, "num_lines": 22, "num_points": 12, "num_sides_with_points": 4, "num_points_on_sides": [2, 2, 2, 2], "vertices": [[0, 9], [5, 20], [19, 17], [14, 1]], "bound_edges": [[[14, 1], [0, 9]], [[0, 9], [5, 20]], [[5, 20], [19, 17]], [[19, 17], [14, 1]]], "points_on_edge": [[1.6666666666666665, 12.666666666666666], [3.333333333333333, 16.333333333333332], [9.666666666666666, 19.0], [14.333333333333332, 18.0], [9.333333333333334, 3.6666666666666665], [4.666666666666668, 6.333333333333333], [17.333333333333332, 11.666666666666668], [15.666666666666668, 6.333333333333334]], "inner_edges": [[[1.6666666666666665, 12.666666666666666], [14.333333333333332, 18.0]], [[3.333333333333333, 16.333333333333332], [14, 1]], [[3.333333333333333, 16.333333333333332], [4.666666666666668, 6.333333333333333]], [[3.333333333333333, 16.333333333333332], [15.666666666666668, 6.333333333333334]], [[9.666666666666666, 19.0], [1.6666666666666665, 12.666666666666666]], [[9.666666666666666, 19.0], [3.333333333333333, 16.333333333333332]], [[9.666666666666666, 19.0], [9.333333333333334, 3.6666666666666665]], [[14.333333333333332, 18.0], [3.333333333333333, 16.333333333333332]], [[14.333333333333332, 18.0], [9.333333333333334, 3.6666666666666665]], [[14.333333333333332, 18.0], [0, 9]], [[9.333333333333334, 3.6666666666666665], [15.666666666666668, 6.333333333333334]], [[9.333333333333334, 3.6666666666666665], [5, 20]], [[4.666666666666668, 6.333333333333333], [19, 17]], [[4.666666666666668, 6.333333333333333], [17.333333333333332, 11.666666666666668]], [[17.333333333333332, 11.666666666666668], [3.333333333333333, 16.333333333333332]], [[17.333333333333332, 11.666666666666668], [5, 20]], [[15.666666666666668, 6.333333333333334], [9.666666666666666, 19.0]], [[15.666666666666668, 6.333333333333334], [1.6666666666666665, 12.666666666666666]]]}