{"shape": "hexagon", "num_sides": 6, "num_lines": 10, "num_points": 9, "num_sides_with_points": 2, "num_points_on_sides": [2, 1], "vertices": [[2, 15], [11, 19], [20, 17], [20, 11], [13, 0], [6, 0]], "bound_edges": [[[6, 0], [2, 15]], [[2, 15], [11, 19]], [[11, 19], [20, 17]], [[20, 17], [20, 11]], [[20, 11], [13, 0]], [[13, 0], [6, 0]]], "points_on_edge": [[5.0, 16.333333333333332], [8.0, 17.666666666666668], [16.5, 5.5]], "inner_edges": [[[5.0, 16.333333333333332], [13, 0]], [[5.0, 16.333333333333332], [6, 0]], [[8.0, 17.666666666666668], [13, 0]], [[16.5, 5.5], [8.0, 17.666666666666668]]]}