{"shape": "quadrilateral", "num_sides": 4, "num_lines": 13, "num_points": 10, "num_sides_with_points": 4, "num_points_on_sides": [2, 2, 1, 1], "vertices": [[3, 20], [20, 20], [20, 7], [13, 2]], "bound_edges": [[[13, 2], [3, 20]], [[3, 20], [20, 20]], [[20, 20], [20, 7]], [[20, 7], [13, 2]]], "points_on_edge": [[9.666666666666668, 8.0], [6.333333333333334, 14.0], [17.666666666666668, 5.333333333333334], [15.333333333333334, 3.666666666666667], [20.0, 13.5], [11.5, 20.0]], "inner_edges": [[[9.666666666666668, 8.0], [20, 7]], [[9.666666666666668, 8.0], [20.0, 13.5]], [[6.333333333333334, 14.0], [20.0, 13.5]], [[17.666666666666668, 5.333333333333334], [6.333333333333334, 14.0]], [[17.666666666666668, 5.333333333333334], [20, 20]], [[15.333333333333334, 3.666666666666667], [20, 20]], [[20.0, 13.5], [3, 20]], [[11.5, 20.0], [9.666666666666668, 8.0]], [[11.5, 20.0], [17.666666666666668, 5.333333333333334]]]}