{"shape": "pentagon", "num_sides": 5, "num_lines": 22, "num_points": 10, "num_sides_with_points": 3, "num_points_on_sides": [1, 2, 2], "vertices": [[2, 18], [17, 20], [20, 12], [15, 8], [19, 8]], "bound_edges": [[[19, 8], [2, 18]], [[2, 18], [17, 20]], [[17, 20], [20, 12]], [[20, 12], [15, 8]], [[15, 8], [19, 8]]], "points_on_edge": [[18.5, 16.0], [13.333333333333334, 11.333333333333332], [7.666666666666668, 14.666666666666666], [16.333333333333332, 8.0], [17.666666666666668, 8.0]], "inner_edges": [[[18.5, 16.0], [13.333333333333334, 11.333333333333332]], [[18.5, 16.0], [16.333333333333332, 8.0]], [[18.5, 16.0], [2, 18]], [[18.5, 16.0], [7.666666666666668, 14.666666666666666]], [[13.333333333333334, 11.333333333333332], [16.333333333333332, 8.0]], [[13.333333333333334, 11.333333333333332], [17, 20]], [[13.333333333333334, 11.333333333333332], [15, 8]], [[13.333333333333334, 11.333333333333332], [17.666666666666668, 8.0]], [[7.666666666666668, 14.666666666666666], [15, 8]], [[7.666666666666668, 14.666666666666666], [16.333333333333332, 8.0]], [[7.666666666666668, 14.666666666666666], [17, 20]], [[7.666666666666668, 14.666666666666666], [20, 12]], [[16.333333333333332, 8.0], [20, 12]], [[16.333333333333332, 8.0], [17, 20]], [[16.333333333333332, 8.0], [2, 18]], [[17.666666666666668, 8.0], [20, 12]], [[17.666666666666668, 8.0], [2, 18]]]}