{"shape": "pentagon", "num_sides": 5, "num_lines": 9, "num_points": 7, "num_sides_with_points": 1, "num_points_on_sides": [2], "vertices": [[2, 12], [5, 19], [20, 20], [19, 2], [11, 0]], "bound_edges": [[[11, 0], [2, 12]], [[2, 12], [5, 19]], [[5, 19], [20, 20]], [[20, 20], [19, 2]], [[19, 2], [11, 0]]], "points_on_edge": [[19.666666666666668, 14.0], [19.333333333333332, 8.0]], "inner_edges": [[[19.666666666666668, 14.0], [2, 12]], [[19.666666666666668, 14.0], [5, 19]], [[19.333333333333332, 8.0], [11, 0]], [[19.333333333333332, 8.0], [2, 12]]]}