{"shape": "quadrilateral", "num_sides": 4, "num_lines": 14, "num_points": 10, "num_sides_with_points": 4, "num_points_on_sides": [1, 1, 2, 2], "vertices": [[4, 15], [12, 20], [20, 16], [19, 0]], "bound_edges": [[[19, 0], [4, 15]], [[4, 15], [12, 20]], [[12, 20], [20, 16]], [[20, 16], [19, 0]]], "points_on_edge": [[11.5, 7.5], [19.5, 8.0], [14.666666666666666, 18.666666666666668], [17.333333333333332, 17.333333333333332], [6.666666666666666, 16.666666666666668], [9.333333333333332, 18.333333333333332]], "inner_edges": [[[11.5, 7.5], [6.666666666666666, 16.666666666666668]], [[11.5, 7.5], [17.333333333333332, 17.333333333333332]], [[19.5, 8.0], [4, 15]], [[14.666666666666666, 18.666666666666668], [19.5, 8.0]], [[14.666666666666666, 18.666666666666668], [6.666666666666666, 16.666666666666668]], [[17.333333333333332, 17.333333333333332], [9.333333333333332, 18.333333333333332]], [[17.333333333333332, 17.333333333333332], [19, 0]], [[6.666666666666666, 16.666666666666668], [19, 0]], [[9.333333333333332, 18.333333333333332], [14.666666666666666, 18.666666666666668]], [[9.333333333333332, 18.333333333333332], [19.5, 8.0]]]}