{"shape": "quadrilateral", "num_sides": 4, "num_lines": 11, "num_points": 8, "num_sides_with_points": 3, "num_points_on_sides": [1, 1, 2], "vertices": [[0, 18], [17, 18], [20, 1], [15, 0]], "bound_edges": [[[15, 0], [0, 18]], [[0, 18], [17, 18]], [[17, 18], [20, 1]], [[20, 1], [15, 0]]], "points_on_edge": [[7.5, 9.0], [8.5, 18.0], [18.0, 12.333333333333334], [19.0, 6.666666666666668]], "inner_edges": [[[7.5, 9.0], [8.5, 18.0]], [[8.5, 18.0], [15, 0]], [[8.5, 18.0], [19.0, 6.666666666666668]], [[18.0, 12.333333333333334], [0, 18]], [[18.0, 12.333333333333334], [7.5, 9.0]], [[18.0, 12.333333333333334], [15, 0]], [[19.0, 6.666666666666668], [15, 0]]]}