{"shape": "quadrilateral", "num_sides": 4, "num_lines": 10, "num_points": 10, "num_sides_with_points": 4, "num_points_on_sides": [1, 1, 2, 2], "vertices": [[0, 20], [10, 20], [20, 14], [19, 2]], "bound_edges": [[[19, 2], [0, 20]], [[0, 20], [10, 20]], [[10, 20], [20, 14]], [[20, 14], [19, 2]]], "points_on_edge": [[19.5, 8.0], [9.5, 11.0], [3.333333333333333, 20.0], [6.666666666666666, 20.0], [13.333333333333332, 18.0], [16.666666666666664, 16.0]], "inner_edges": [[[19.5, 8.0], [9.5, 11.0]], [[9.5, 11.0], [13.333333333333332, 18.0]], [[3.333333333333333, 20.0], [9.5, 11.0]], [[6.666666666666666, 20.0], [9.5, 11.0]], [[13.333333333333332, 18.0], [0, 20]], [[16.666666666666664, 16.0], [9.5, 11.0]]]}