{"shape": "pentagon", "num_sides": 5, "num_lines": 10, "num_points": 7, "num_sides_with_points": 1, "num_points_on_sides": [2], "vertices": [[0, 18], [18, 15], [20, 10], [15, 0], [2, 0]], "bound_edges": [[[2, 0], [0, 18]], [[0, 18], [18, 15]], [[18, 15], [20, 10]], [[20, 10], [15, 0]], [[15, 0], [2, 0]]], "points_on_edge": [[1.3333333333333335, 6.0], [0.6666666666666667, 12.0]], "inner_edges": [[[1.3333333333333335, 6.0], [15, 0]], [[1.3333333333333335, 6.0], [18, 15]], [[1.3333333333333335, 6.0], [20, 10]], [[0.6666666666666667, 12.0], [20, 10]], [[0.6666666666666667, 12.0], [15, 0]]]}