{"shape": "hexagon", "num_sides": 6, "num_lines": 25, "num_points": 13, "num_sides_with_points": 4, "num_points_on_sides": [2, 2, 1, 2], "vertices": [[1, 15], [7, 18], [20, 16], [20, 3], [18, 0], [11, 0]], "bound_edges": [[[11, 0], [1, 15]], [[1, 15], [7, 18]], [[7, 18], [20, 16]], [[20, 16], [20, 3]], [[20, 3], [18, 0]], [[18, 0], [11, 0]]], "points_on_edge": [[15.666666666666668, 0.0], [13.333333333333334, 0.0], [11.333333333333332, 17.333333333333332], [15.666666666666666, 16.666666666666668], [4.0, 16.5], [19.333333333333332, 2.0], [18.666666666666668, 1.0]], "inner_edges": [[[15.666666666666668, 0.0], [20, 3]], [[15.666666666666668, 0.0], [7, 18]], [[15.666666666666668, 0.0], [18.666666666666668, 1.0]], [[13.333333333333334, 0.0], [19.333333333333332, 2.0]], [[13.333333333333334, 0.0], [20, 3]], [[11.333333333333332, 17.333333333333332], [15.666666666666668, 0.0]], [[11.333333333333332, 17.333333333333332], [11, 0]], [[15.666666666666666, 16.666666666666668], [13.333333333333334, 0.0]], [[4.0, 16.5], [11.333333333333332, 17.333333333333332]], [[4.0, 16.5], [20, 16]], [[4.0, 16.5], [15.666666666666668, 0.0]], [[4.0, 16.5], [18, 0]], [[19.333333333333332, 2.0], [15.666666666666668, 0.0]], [[19.333333333333332, 2.0], [4.0, 16.5]], [[18.666666666666668, 1.0], [1, 15]], [[18.666666666666668, 1.0], [13.333333333333334, 0.0]], [[18.666666666666668, 1.0], [15.666666666666666, 16.666666666666668]], [[18.666666666666668, 1.0], [20, 16]], [[18.666666666666668, 1.0], [11.333333333333332, 17.333333333333332]]]}