{"shape": "pentagon", "num_sides": 5, "num_lines": 7, "num_points": 7, "num_sides_with_points": 1, "num_points_on_sides": [2], "vertices": [[9, 18], [17, 19], [20, 13], [19, 0], [3, 0]], "bound_edges": [[[3, 0], [9, 18]], [[9, 18], [17, 19]], [[17, 19], [20, 13]], [[20, 13], [19, 0]], [[19, 0], [3, 0]]], "points_on_edge": [[13.666666666666668, 0.0], [8.333333333333334, 0.0]], "inner_edges": [[[13.666666666666668, 0.0], [17, 19]], [[8.333333333333334, 0.0], [20, 13]]]}