{"shape": "hexagon", "num_sides": 6, "num_lines": 24, "num_points": 13, "num_sides_with_points": 4, "num_points_on_sides": [2, 2, 1, 2], "vertices": [[0, 13], [7, 20], [19, 13], [20, 3], [18, 0], [7, 0]], "bound_edges": [[[7, 0], [0, 13]], [[0, 13], [7, 20]], [[7, 20], [19, 13]], [[19, 13], [20, 3]], [[20, 3], [18, 0]], [[18, 0], [7, 0]]], "points_on_edge": [[4.666666666666667, 4.333333333333333], [2.333333333333334, 8.666666666666666], [14.333333333333334, 0.0], [10.666666666666668, 0.0], [3.5, 16.5], [19.333333333333332, 2.0], [18.666666666666668, 1.0]], "inner_edges": [[[4.666666666666667, 4.333333333333333], [7, 20]], [[4.666666666666667, 4.333333333333333], [19.333333333333332, 2.0]], [[2.333333333333334, 8.666666666666666], [18.666666666666668, 1.0]], [[2.333333333333334, 8.666666666666666], [19.333333333333332, 2.0]], [[14.333333333333334, 0.0], [19.333333333333332, 2.0]], [[14.333333333333334, 0.0], [20, 3]], [[10.666666666666668, 0.0], [19, 13]], [[3.5, 16.5], [18, 0]], [[3.5, 16.5], [20, 3]], [[3.5, 16.5], [2.333333333333334, 8.666666666666666]], [[19.333333333333332, 2.0], [10.666666666666668, 0.0]], [[19.333333333333332, 2.0], [7, 20]], [[19.333333333333332, 2.0], [19, 13]], [[19.333333333333332, 2.0], [7, 0]], [[18.666666666666668, 1.0], [7, 0]], [[18.666666666666668, 1.0], [3.5, 16.5]], [[18.666666666666668, 1.0], [4.666666666666667, 4.333333333333333]], [[18.666666666666668, 1.0], [19, 13]]]}