{"shape": "quadrilateral", "num_sides": 4, "num_lines": 16, "num_points": 10, "num_sides_with_points": 3, "num_points_on_sides": [2, 2, 2], "vertices": [[0, 11], [1, 16], [20, 17], [18, 0]], "bound_edges": [[[18, 0], [0, 11]], [[0, 11], [1, 16]], [[1, 16], [20, 17]], [[20, 17], [18, 0]]], "points_on_edge": [[7.333333333333333, 16.333333333333332], [13.666666666666666, 16.666666666666668], [19.333333333333332, 11.333333333333334], [18.666666666666668, 5.666666666666668], [0.3333333333333333, 12.666666666666666], [0.6666666666666666, 14.333333333333332]], "inner_edges": [[[7.333333333333333, 16.333333333333332], [18.666666666666668, 5.666666666666668]], [[7.333333333333333, 16.333333333333332], [0.6666666666666666, 14.333333333333332]], [[13.666666666666666, 16.666666666666668], [19.333333333333332, 11.333333333333334]], [[13.666666666666666, 16.666666666666668], [18, 0]], [[19.333333333333332, 11.333333333333334], [0.6666666666666666, 14.333333333333332]], [[19.333333333333332, 11.333333333333334], [0, 11]], [[19.333333333333332, 11.333333333333334], [0.3333333333333333, 12.666666666666666]], [[18.666666666666668, 5.666666666666668], [0.6666666666666666, 14.333333333333332]], [[0.3333333333333333, 12.666666666666666], [20, 17]], [[0.6666666666666666, 14.333333333333332], [13.666666666666666, 16.666666666666668]], [[0.6666666666666666, 14.333333333333332], [18, 0]], [[0.6666666666666666, 14.333333333333332], [20, 17]]]}