{"shape": "pentagon", "num_sides": 5, "num_lines": 10, "num_points": 10, "num_sides_with_points": 4, "num_points_on_sides": [2, 1, 1, 1], "vertices": [[0, 20], [11, 20], [18, 13], [18, 1], [8, 0]], "bound_edges": [[[8, 0], [0, 20]], [[0, 20], [11, 20]], [[11, 20], [18, 13]], [[18, 13], [18, 1]], [[18, 1], [8, 0]]], "points_on_edge": [[5.333333333333334, 6.666666666666666], [2.666666666666667, 13.333333333333332], [5.5, 20.0], [13.0, 0.5], [14.5, 16.5]], "inner_edges": [[[5.333333333333334, 6.666666666666666], [11, 20]], [[2.666666666666667, 13.333333333333332], [5.5, 20.0]], [[5.5, 20.0], [13.0, 0.5]], [[13.0, 0.5], [11, 20]], [[14.5, 16.5], [2.666666666666667, 13.333333333333332]]]}