{"shape": "pentagon", "num_sides": 5, "num_lines": 24, "num_points": 12, "num_sides_with_points": 5, "num_points_on_sides": [2, 1, 1, 2, 1], "vertices": [[0, 20], [17, 18], [18, 7], [11, 1], [17, 1]], "bound_edges": [[[17, 1], [0, 20]], [[0, 20], [17, 18]], [[17, 18], [18, 7]], [[18, 7], [11, 1]], [[11, 1], [17, 1]]], "points_on_edge": [[11.333333333333334, 7.333333333333333], [5.666666666666668, 13.666666666666666], [14.0, 1.0], [14.5, 4.0], [17.333333333333332, 14.333333333333334], [17.666666666666668, 10.666666666666668], [8.5, 19.0]], "inner_edges": [[[11.333333333333334, 7.333333333333333], [17.666666666666668, 10.666666666666668]], [[5.666666666666668, 13.666666666666666], [8.5, 19.0]], [[5.666666666666668, 13.666666666666666], [17.666666666666668, 10.666666666666668]], [[5.666666666666668, 13.666666666666666], [17.333333333333332, 14.333333333333334]], [[14.0, 1.0], [18, 7]], [[14.5, 4.0], [17.666666666666668, 10.666666666666668]], [[14.5, 4.0], [11.333333333333334, 7.333333333333333]], [[14.5, 4.0], [17, 1]], [[14.5, 4.0], [0, 20]], [[17.333333333333332, 14.333333333333334], [0, 20]], [[17.333333333333332, 14.333333333333334], [17, 1]], [[17.666666666666668, 10.666666666666668], [8.5, 19.0]], [[17.666666666666668, 10.666666666666668], [17, 1]], [[17.666666666666668, 10.666666666666668], [11, 1]], [[17.666666666666668, 10.666666666666668], [0, 20]], [[8.5, 19.0], [17.333333333333332, 14.333333333333334]], [[8.5, 19.0], [14.0, 1.0]], [[8.5, 19.0], [14.5, 4.0]], [[8.5, 19.0], [17, 1]]]}