{"shape": "hexagon", "num_sides": 6, "num_lines": 12, "num_points": 10, "num_sides_with_points": 2, "num_points_on_sides": [2, 2], "vertices": [[1, 15], [10, 20], [15, 19], [18, 16], [20, 4], [5, 1]], "bound_edges": [[[5, 1], [1, 15]], [[1, 15], [10, 20]], [[10, 20], [15, 19]], [[15, 19], [18, 16]], [[18, 16], [20, 4]], [[20, 4], [5, 1]]], "points_on_edge": [[18.666666666666668, 12.0], [19.333333333333332, 8.0], [16.0, 18.0], [17.0, 17.0]], "inner_edges": [[[18.666666666666668, 12.0], [5, 1]], [[19.333333333333332, 8.0], [15, 19]], [[16.0, 18.0], [1, 15]], [[16.0, 18.0], [10, 20]], [[17.0, 17.0], [10, 20]], [[17.0, 17.0], [19.333333333333332, 8.0]]]}