{"shape": "quadrilateral", "num_sides": 4, "num_lines": 16, "num_points": 9, "num_sides_with_points": 3, "num_points_on_sides": [2, 2, 1], "vertices": [[0, 20], [18, 20], [20, 8], [16, 0]], "bound_edges": [[[16, 0], [0, 20]], [[0, 20], [18, 20]], [[18, 20], [20, 8]], [[20, 8], [16, 0]]], "points_on_edge": [[18.666666666666668, 16.0], [19.333333333333332, 12.0], [10.666666666666668, 6.666666666666666], [5.333333333333334, 13.333333333333332], [9.0, 20.0]], "inner_edges": [[[18.666666666666668, 16.0], [16, 0]], [[18.666666666666668, 16.0], [5.333333333333334, 13.333333333333332]], [[19.333333333333332, 12.0], [5.333333333333334, 13.333333333333332]], [[19.333333333333332, 12.0], [16, 0]], [[10.666666666666668, 6.666666666666666], [18, 20]], [[10.666666666666668, 6.666666666666666], [20, 8]], [[5.333333333333334, 13.333333333333332], [18, 20]], [[5.333333333333334, 13.333333333333332], [9.0, 20.0]], [[5.333333333333334, 13.333333333333332], [20, 8]], [[9.0, 20.0], [10.666666666666668, 6.666666666666666]], [[9.0, 20.0], [18.666666666666668, 16.0]], [[9.0, 20.0], [16, 0]]]}