{"shape": "pentagon", "num_sides": 5, "num_lines": 10, "num_points": 8, "num_sides_with_points": 2, "num_points_on_sides": [2, 1], "vertices": [[0, 18], [11, 18], [20, 12], [20, 4], [14, 1]], "bound_edges": [[[14, 1], [0, 18]], [[0, 18], [11, 18]], [[11, 18], [20, 12]], [[20, 12], [20, 4]], [[20, 4], [14, 1]]], "points_on_edge": [[20.0, 9.333333333333334], [20.0, 6.666666666666667], [17.0, 2.5]], "inner_edges": [[[20.0, 9.333333333333334], [17.0, 2.5]], [[20.0, 9.333333333333334], [14, 1]], [[20.0, 6.666666666666667], [0, 18]], [[17.0, 2.5], [20, 12]], [[17.0, 2.5], [20.0, 6.666666666666667]]]}