{"shape": "pentagon", "num_sides": 5, "num_lines": 13, "num_points": 9, "num_sides_with_points": 2, "num_points_on_sides": [2, 2], "vertices": [[2, 20], [16, 20], [19, 6], [15, 0], [5, 0]], "bound_edges": [[[5, 0], [2, 20]], [[2, 20], [16, 20]], [[16, 20], [19, 6]], [[19, 6], [15, 0]], [[15, 0], [5, 0]]], "points_on_edge": [[17.0, 15.333333333333334], [18.0, 10.666666666666668], [11.666666666666668, 0.0], [8.333333333333334, 0.0]], "inner_edges": [[[17.0, 15.333333333333334], [15, 0]], [[17.0, 15.333333333333334], [8.333333333333334, 0.0]], [[18.0, 10.666666666666668], [15, 0]], [[18.0, 10.666666666666668], [8.333333333333334, 0.0]], [[18.0, 10.666666666666668], [11.666666666666668, 0.0]], [[18.0, 10.666666666666668], [5, 0]], [[11.666666666666668, 0.0], [16, 20]], [[8.333333333333334, 0.0], [2, 20]]]}