{"shape": "pentagon", "num_sides": 5, "num_lines": 21, "num_points": 9, "num_sides_with_points": 3, "num_points_on_sides": [2, 1, 1], "vertices": [[2, 13], [3, 19], [13, 20], [17, 14], [17, 1]], "bound_edges": [[[17, 1], [2, 13]], [[2, 13], [3, 19]], [[3, 19], [13, 20]], [[13, 20], [17, 14]], [[17, 14], [17, 1]]], "points_on_edge": [[6.333333333333333, 19.333333333333332], [9.666666666666666, 19.666666666666668], [17.0, 7.5], [9.5, 7.0]], "inner_edges": [[[6.333333333333333, 19.333333333333332], [9.5, 7.0]], [[6.333333333333333, 19.333333333333332], [2, 13]], [[6.333333333333333, 19.333333333333332], [17, 1]], [[9.666666666666666, 19.666666666666668], [17, 1]], [[9.666666666666666, 19.666666666666668], [2, 13]], [[9.666666666666666, 19.666666666666668], [17, 14]], [[9.666666666666666, 19.666666666666668], [17.0, 7.5]], [[17.0, 7.5], [3, 19]], [[17.0, 7.5], [6.333333333333333, 19.333333333333332]], [[17.0, 7.5], [13, 20]], [[17.0, 7.5], [2, 13]], [[17.0, 7.5], [9.5, 7.0]], [[9.5, 7.0], [9.666666666666666, 19.666666666666668]], [[9.5, 7.0], [13, 20]], [[9.5, 7.0], [3, 19]], [[9.5, 7.0], [17, 14]]]}