{"shape": "other", "num_sides": 7, "num_lines": 15, "num_points": 12, "num_sides_with_points": 3, "num_points_on_sides": [1, 2, 2], "vertices": [[1, 15], [4, 20], [15, 18], [19, 13], [19, 4], [16, 1], [4, 0]], "bound_edges": [[[4, 0], [1, 15]], [[1, 15], [4, 20]], [[4, 20], [15, 18]], [[15, 18], [19, 13]], [[19, 13], [19, 4]], [[19, 4], [16, 1]], [[16, 1], [4, 0]]], "points_on_edge": [[17.5, 2.5], [19.0, 10.0], [19.0, 7.0], [2.0, 16.666666666666668], [3.0, 18.333333333333332]], "inner_edges": [[[17.5, 2.5], [2.0, 16.666666666666668]], [[17.5, 2.5], [4, 0]], [[19.0, 10.0], [2.0, 16.666666666666668]], [[19.0, 10.0], [17.5, 2.5]], [[19.0, 7.0], [4, 20]], [[2.0, 16.666666666666668], [16, 1]], [[3.0, 18.333333333333332], [19, 13]], [[3.0, 18.333333333333332], [4, 0]]]}