{"shape": "hexagon", "num_sides": 6, "num_lines": 12, "num_points": 12, "num_sides_with_points": 3, "num_points_on_sides": [2, 2, 2], "vertices": [[0, 12], [8, 20], [18, 18], [20, 9], [16, 4], [7, 1]], "bound_edges": [[[7, 1], [0, 12]], [[0, 12], [8, 20]], [[8, 20], [18, 18]], [[18, 18], [20, 9]], [[20, 9], [16, 4]], [[16, 4], [7, 1]]], "points_on_edge": [[18.666666666666668, 7.333333333333334], [17.333333333333332, 5.666666666666667], [11.333333333333332, 19.333333333333332], [14.666666666666666, 18.666666666666668], [4.666666666666667, 4.666666666666666], [2.333333333333334, 8.333333333333332]], "inner_edges": [[[18.666666666666668, 7.333333333333334], [14.666666666666666, 18.666666666666668]], [[17.333333333333332, 5.666666666666667], [18, 18]], [[11.333333333333332, 19.333333333333332], [20, 9]], [[14.666666666666666, 18.666666666666668], [7, 1]], [[4.666666666666667, 4.666666666666666], [20, 9]], [[2.333333333333334, 8.333333333333332], [18, 18]]]}