{"shape": "quadrilateral", "num_sides": 4, "num_lines": 9, "num_points": 9, "num_sides_with_points": 4, "num_points_on_sides": [2, 1, 1, 1], "vertices": [[0, 13], [10, 20], [18, 20], [17, 5]], "bound_edges": [[[17, 5], [0, 13]], [[0, 13], [10, 20]], [[10, 20], [18, 20]], [[18, 20], [17, 5]]], "points_on_edge": [[17.666666666666668, 15.0], [17.333333333333332, 10.0], [5.0, 16.5], [8.5, 9.0], [14.0, 20.0]], "inner_edges": [[[17.666666666666668, 15.0], [8.5, 9.0]], [[17.333333333333332, 10.0], [8.5, 9.0]], [[5.0, 16.5], [18, 20]], [[8.5, 9.0], [14.0, 20.0]], [[14.0, 20.0], [0, 13]]]}