{"shape": "pentagon", "num_sides": 5, "num_lines": 18, "num_points": 11, "num_sides_with_points": 4, "num_points_on_sides": [1, 2, 1, 2], "vertices": [[0, 10], [6, 19], [16, 19], [20, 9], [18, 0]], "bound_edges": [[[18, 0], [0, 10]], [[0, 10], [6, 19]], [[6, 19], [16, 19]], [[16, 19], [20, 9]], [[20, 9], [18, 0]]], "points_on_edge": [[3.0, 14.5], [9.333333333333332, 19.0], [12.666666666666666, 19.0], [19.0, 4.5], [12.0, 3.333333333333333], [6.0, 6.666666666666666]], "inner_edges": [[[3.0, 14.5], [19.0, 4.5]], [[3.0, 14.5], [16, 19]], [[3.0, 14.5], [12.0, 3.333333333333333]], [[9.333333333333332, 19.0], [20, 9]], [[9.333333333333332, 19.0], [6.0, 6.666666666666666]], [[9.333333333333332, 19.0], [0, 10]], [[12.666666666666666, 19.0], [20, 9]], [[19.0, 4.5], [12.666666666666666, 19.0]], [[19.0, 4.5], [12.0, 3.333333333333333]], [[12.0, 3.333333333333333], [16, 19]], [[12.0, 3.333333333333333], [12.666666666666666, 19.0]], [[12.0, 3.333333333333333], [9.333333333333332, 19.0]], [[6.0, 6.666666666666666], [6, 19]]]}