{"shape": "pentagon", "num_sides": 5, "num_lines": 16, "num_points": 11, "num_sides_with_points": 5, "num_points_on_sides": [1, 1, 1, 1, 2], "vertices": [[0, 8], [9, 19], [19, 14], [20, 9], [15, 0]], "bound_edges": [[[15, 0], [0, 8]], [[0, 8], [9, 19]], [[9, 19], [19, 14]], [[19, 14], [20, 9]], [[20, 9], [15, 0]]], "points_on_edge": [[7.5, 4.0], [17.5, 4.5], [19.5, 11.5], [14.0, 16.5], [3.0, 11.666666666666666], [6.0, 15.333333333333332]], "inner_edges": [[[7.5, 4.0], [9, 19]], [[7.5, 4.0], [3.0, 11.666666666666666]], [[7.5, 4.0], [17.5, 4.5]], [[17.5, 4.5], [6.0, 15.333333333333332]], [[19.5, 11.5], [7.5, 4.0]], [[19.5, 11.5], [9, 19]], [[19.5, 11.5], [3.0, 11.666666666666666]], [[14.0, 16.5], [19.5, 11.5]], [[3.0, 11.666666666666666], [15, 0]], [[3.0, 11.666666666666666], [19, 14]], [[6.0, 15.333333333333332], [14.0, 16.5]]]}