{"shape": "pentagon", "num_sides": 5, "num_lines": 9, "num_points": 7, "num_sides_with_points": 1, "num_points_on_sides": [2], "vertices": [[1, 6], [3, 15], [8, 20], [20, 20], [12, 2]], "bound_edges": [[[12, 2], [1, 6]], [[1, 6], [3, 15]], [[3, 15], [8, 20]], [[8, 20], [20, 20]], [[20, 20], [12, 2]]], "points_on_edge": [[8.333333333333334, 3.333333333333333], [4.666666666666667, 4.666666666666666]], "inner_edges": [[[8.333333333333334, 3.333333333333333], [8, 20]], [[8.333333333333334, 3.333333333333333], [3, 15]], [[4.666666666666667, 4.666666666666666], [3, 15]], [[4.666666666666667, 4.666666666666666], [8, 20]]]}