{"shape": "pentagon", "num_sides": 5, "num_lines": 23, "num_points": 12, "num_sides_with_points": 5, "num_points_on_sides": [2, 1, 1, 2, 1], "vertices": [[0, 5], [2, 17], [11, 20], [20, 18], [19, 1]], "bound_edges": [[[19, 1], [0, 5]], [[0, 5], [2, 17]], [[2, 17], [11, 20]], [[11, 20], [20, 18]], [[20, 18], [19, 1]]], "points_on_edge": [[19.666666666666668, 12.333333333333334], [19.333333333333332, 6.666666666666668], [15.5, 19.0], [1.0, 11.0], [12.666666666666668, 2.333333333333333], [6.333333333333334, 3.6666666666666665], [6.5, 18.5]], "inner_edges": [[[19.666666666666668, 12.333333333333334], [11, 20]], [[19.666666666666668, 12.333333333333334], [12.666666666666668, 2.333333333333333]], [[19.333333333333332, 6.666666666666668], [1.0, 11.0]], [[15.5, 19.0], [1.0, 11.0]], [[1.0, 11.0], [20, 18]], [[1.0, 11.0], [11, 20]], [[1.0, 11.0], [19.666666666666668, 12.333333333333334]], [[1.0, 11.0], [6.333333333333334, 3.6666666666666665]], [[12.666666666666668, 2.333333333333333], [20, 18]], [[12.666666666666668, 2.333333333333333], [11, 20]], [[12.666666666666668, 2.333333333333333], [19.333333333333332, 6.666666666666668]], [[12.666666666666668, 2.333333333333333], [15.5, 19.0]], [[6.333333333333334, 3.6666666666666665], [11, 20]], [[6.333333333333334, 3.6666666666666665], [19.666666666666668, 12.333333333333334]], [[6.333333333333334, 3.6666666666666665], [19.333333333333332, 6.666666666666668]], [[6.333333333333334, 3.6666666666666665], [6.5, 18.5]], [[6.5, 18.5], [19.666666666666668, 12.333333333333334]], [[6.5, 18.5], [12.666666666666668, 2.333333333333333]]]}