{"shape": "hexagon", "num_sides": 6, "num_lines": 9, "num_points": 9, "num_sides_with_points": 2, "num_points_on_sides": [1, 2], "vertices": [[1, 10], [5, 16], [13, 19], [20, 12], [20, 3], [2, 0]], "bound_edges": [[[2, 0], [1, 10]], [[1, 10], [5, 16]], [[5, 16], [13, 19]], [[13, 19], [20, 12]], [[20, 12], [20, 3]], [[20, 3], [2, 0]]], "points_on_edge": [[1.5, 5.0], [15.333333333333332, 16.666666666666668], [17.666666666666664, 14.333333333333334]], "inner_edges": [[[1.5, 5.0], [5, 16]], [[15.333333333333332, 16.666666666666668], [20, 3]], [[17.666666666666664, 14.333333333333334], [20, 3]]]}