{"shape": "pentagon", "num_sides": 5, "num_lines": 22, "num_points": 15, "num_sides_with_points": 5, "num_points_on_sides": [2, 2, 2, 2, 2], "vertices": [[0, 7], [3, 20], [17, 20], [17, 3], [3, 0]], "bound_edges": [[[3, 0], [0, 7]], [[0, 7], [3, 20]], [[3, 20], [17, 20]], [[17, 20], [17, 3]], [[17, 3], [3, 0]]], "points_on_edge": [[7.666666666666666, 20.0], [12.333333333333332, 20.0], [17.0, 14.333333333333334], [17.0, 8.666666666666668], [1.0, 11.333333333333332], [2.0, 15.666666666666666], [2.0, 2.333333333333333], [1.0, 4.666666666666666], [12.333333333333334, 2.0], [7.666666666666668, 1.0]], "inner_edges": [[[7.666666666666666, 20.0], [1.0, 4.666666666666666]], [[7.666666666666666, 20.0], [17.0, 8.666666666666668]], [[12.333333333333332, 20.0], [17.0, 8.666666666666668]], [[17.0, 14.333333333333334], [2.0, 15.666666666666666]], [[17.0, 14.333333333333334], [7.666666666666668, 1.0]], [[17.0, 8.666666666666668], [1.0, 4.666666666666666]], [[1.0, 11.333333333333332], [1.0, 4.666666666666666]], [[1.0, 11.333333333333332], [17, 20]], [[2.0, 15.666666666666666], [17, 3]], [[2.0, 15.666666666666666], [17.0, 8.666666666666668]], [[2.0, 15.666666666666666], [17, 20]], [[2.0, 2.333333333333333], [7.666666666666666, 20.0]], [[1.0, 4.666666666666666], [12.333333333333334, 2.0]], [[1.0, 4.666666666666666], [17.0, 14.333333333333334]], [[1.0, 4.666666666666666], [12.333333333333332, 20.0]], [[12.333333333333334, 2.0], [1.0, 11.333333333333332]], [[7.666666666666668, 1.0], [17.0, 8.666666666666668]]]}