{"shape": "pentagon", "num_sides": 5, "num_lines": 16, "num_points": 11, "num_sides_with_points": 3, "num_points_on_sides": [2, 2, 2], "vertices": [[3, 16], [11, 20], [16, 14], [11, 1], [3, 0]], "bound_edges": [[[3, 0], [3, 16]], [[3, 16], [11, 20]], [[11, 20], [16, 14]], [[16, 14], [11, 1]], [[11, 1], [3, 0]]], "points_on_edge": [[12.666666666666666, 18.0], [14.333333333333332, 16.0], [8.333333333333334, 0.6666666666666667], [5.666666666666667, 0.33333333333333337], [5.666666666666666, 17.333333333333332], [8.333333333333332, 18.666666666666668]], "inner_edges": [[[12.666666666666666, 18.0], [5.666666666666666, 17.333333333333332]], [[12.666666666666666, 18.0], [8.333333333333334, 0.6666666666666667]], [[14.333333333333332, 16.0], [11, 1]], [[14.333333333333332, 16.0], [8.333333333333332, 18.666666666666668]], [[8.333333333333334, 0.6666666666666667], [3, 16]], [[5.666666666666667, 0.33333333333333337], [16, 14]], [[5.666666666666667, 0.33333333333333337], [3, 16]], [[5.666666666666666, 17.333333333333332], [14.333333333333332, 16.0]], [[5.666666666666666, 17.333333333333332], [5.666666666666667, 0.33333333333333337]], [[8.333333333333332, 18.666666666666668], [8.333333333333334, 0.6666666666666667]], [[8.333333333333332, 18.666666666666668], [3, 0]]]}