{"shape": "hexagon", "num_sides": 6, "num_lines": 14, "num_points": 10, "num_sides_with_points": 2, "num_points_on_sides": [2, 2], "vertices": [[0, 7], [2, 15], [8, 17], [18, 13], [19, 1], [11, 0]], "bound_edges": [[[11, 0], [0, 7]], [[0, 7], [2, 15]], [[2, 15], [8, 17]], [[8, 17], [18, 13]], [[18, 13], [19, 1]], [[19, 1], [11, 0]]], "points_on_edge": [[7.333333333333334, 2.333333333333333], [3.666666666666667, 4.666666666666666], [18.333333333333332, 9.0], [18.666666666666668, 5.0]], "inner_edges": [[[7.333333333333334, 2.333333333333333], [8, 17]], [[7.333333333333334, 2.333333333333333], [19, 1]], [[3.666666666666667, 4.666666666666666], [18.666666666666668, 5.0]], [[18.333333333333332, 9.0], [11, 0]], [[18.333333333333332, 9.0], [2, 15]], [[18.666666666666668, 5.0], [11, 0]], [[18.666666666666668, 5.0], [2, 15]], [[18.666666666666668, 5.0], [8, 17]]]}