{"shape": "pentagon", "num_sides": 5, "num_lines": 10, "num_points": 9, "num_sides_with_points": 3, "num_points_on_sides": [2, 1, 1], "vertices": [[1, 18], [18, 19], [20, 11], [15, 1], [11, 0]], "bound_edges": [[[11, 0], [1, 18]], [[1, 18], [18, 19]], [[18, 19], [20, 11]], [[20, 11], [15, 1]], [[15, 1], [11, 0]]], "points_on_edge": [[18.333333333333332, 7.666666666666667], [16.666666666666668, 4.333333333333334], [13.0, 0.5], [9.5, 18.5]], "inner_edges": [[[18.333333333333332, 7.666666666666667], [18, 19]], [[16.666666666666668, 4.333333333333334], [18, 19]], [[13.0, 0.5], [9.5, 18.5]], [[13.0, 0.5], [20, 11]], [[9.5, 18.5], [15, 1]]]}