{"shape": "quadrilateral", "num_sides": 4, "num_lines": 22, "num_points": 9, "num_sides_with_points": 4, "num_points_on_sides": [1, 1, 1, 2], "vertices": [[0, 20], [15, 20], [19, 14], [19, 3]], "bound_edges": [[[19, 3], [0, 20]], [[0, 20], [15, 20]], [[15, 20], [19, 14]], [[19, 14], [19, 3]]], "points_on_edge": [[7.5, 20.0], [9.5, 11.5], [19.0, 8.5], [16.333333333333332, 18.0], [17.666666666666668, 16.0]], "inner_edges": [[[7.5, 20.0], [19, 3]], [[7.5, 20.0], [19.0, 8.5]], [[7.5, 20.0], [9.5, 11.5]], [[9.5, 11.5], [19.0, 8.5]], [[9.5, 11.5], [19, 14]], [[9.5, 11.5], [15, 20]], [[9.5, 11.5], [16.333333333333332, 18.0]], [[19.0, 8.5], [0, 20]], [[19.0, 8.5], [15, 20]], [[19.0, 8.5], [17.666666666666668, 16.0]], [[19.0, 8.5], [16.333333333333332, 18.0]], [[16.333333333333332, 18.0], [19, 3]], [[16.333333333333332, 18.0], [7.5, 20.0]], [[16.333333333333332, 18.0], [0, 20]], [[17.666666666666668, 16.0], [19, 3]], [[17.666666666666668, 16.0], [7.5, 20.0]], [[17.666666666666668, 16.0], [9.5, 11.5]], [[17.666666666666668, 16.0], [0, 20]]]}