{"shape": "pentagon", "num_sides": 5, "num_lines": 19, "num_points": 14, "num_sides_with_points": 5, "num_points_on_sides": [2, 2, 2, 1, 2], "vertices": [[0, 19], [18, 18], [19, 9], [15, 0], [0, 0]], "bound_edges": [[[0, 0], [0, 19]], [[0, 19], [18, 18]], [[18, 18], [19, 9]], [[19, 9], [15, 0]], [[15, 0], [0, 0]]], "points_on_edge": [[17.666666666666668, 6.0], [16.333333333333332, 3.0], [6.0, 18.666666666666668], [12.0, 18.333333333333332], [18.333333333333332, 15.0], [18.666666666666668, 12.0], [7.5, 0.0], [0.0, 6.333333333333333], [0.0, 12.666666666666666]], "inner_edges": [[[17.666666666666668, 6.0], [0.0, 6.333333333333333]], [[16.333333333333332, 3.0], [6.0, 18.666666666666668]], [[16.333333333333332, 3.0], [18.666666666666668, 12.0]], [[6.0, 18.666666666666668], [17.666666666666668, 6.0]], [[12.0, 18.333333333333332], [18.666666666666668, 12.0]], [[12.0, 18.333333333333332], [17.666666666666668, 6.0]], [[18.333333333333332, 15.0], [15, 0]], [[18.333333333333332, 15.0], [0, 0]], [[18.666666666666668, 12.0], [0, 0]], [[18.666666666666668, 12.0], [15, 0]], [[7.5, 0.0], [16.333333333333332, 3.0]], [[7.5, 0.0], [18.333333333333332, 15.0]], [[0.0, 6.333333333333333], [18, 18]], [[0.0, 12.666666666666666], [18.666666666666668, 12.0]]]}