{"shape": "quadrilateral", "num_sides": 4, "num_lines": 23, "num_points": 11, "num_sides_with_points": 4, "num_points_on_sides": [2, 1, 2, 2], "vertices": [[0, 12], [6, 20], [18, 20], [20, 1]], "bound_edges": [[[20, 1], [0, 12]], [[0, 12], [6, 20]], [[6, 20], [18, 20]], [[18, 20], [20, 1]]], "points_on_edge": [[10.0, 20.0], [14.0, 20.0], [19.0, 10.5], [2.0, 14.666666666666666], [4.0, 17.333333333333332], [13.333333333333334, 4.666666666666666], [6.666666666666668, 8.333333333333332]], "inner_edges": [[[10.0, 20.0], [13.333333333333334, 4.666666666666666]], [[10.0, 20.0], [0, 12]], [[10.0, 20.0], [6.666666666666668, 8.333333333333332]], [[14.0, 20.0], [20, 1]], [[14.0, 20.0], [0, 12]], [[14.0, 20.0], [4.0, 17.333333333333332]], [[14.0, 20.0], [13.333333333333334, 4.666666666666666]], [[14.0, 20.0], [2.0, 14.666666666666666]], [[19.0, 10.5], [4.0, 17.333333333333332]], [[2.0, 14.666666666666666], [18, 20]], [[2.0, 14.666666666666666], [13.333333333333334, 4.666666666666666]], [[4.0, 17.333333333333332], [20, 1]], [[13.333333333333334, 4.666666666666666], [19.0, 10.5]], [[13.333333333333334, 4.666666666666666], [18, 20]], [[6.666666666666668, 8.333333333333332], [4.0, 17.333333333333332]], [[6.666666666666668, 8.333333333333332], [19.0, 10.5]], [[6.666666666666668, 8.333333333333332], [6, 20]], [[6.666666666666668, 8.333333333333332], [2.0, 14.666666666666666]], [[6.666666666666668, 8.333333333333332], [18, 20]]]}