{"shape": "hexagon", "num_sides": 6, "num_lines": 13, "num_points": 10, "num_sides_with_points": 2, "num_points_on_sides": [2, 2], "vertices": [[0, 12], [5, 19], [12, 20], [19, 13], [20, 1], [0, 0]], "bound_edges": [[[0, 0], [0, 12]], [[0, 12], [5, 19]], [[5, 19], [12, 20]], [[12, 20], [19, 13]], [[19, 13], [20, 1]], [[20, 1], [0, 0]]], "points_on_edge": [[13.333333333333334, 0.6666666666666667], [6.666666666666668, 0.33333333333333337], [1.6666666666666665, 14.333333333333332], [3.333333333333333, 16.666666666666664]], "inner_edges": [[[13.333333333333334, 0.6666666666666667], [19, 13]], [[6.666666666666668, 0.33333333333333337], [0, 12]], [[6.666666666666668, 0.33333333333333337], [5, 19]], [[1.6666666666666665, 14.333333333333332], [0, 0]], [[1.6666666666666665, 14.333333333333332], [20, 1]], [[3.333333333333333, 16.666666666666664], [12, 20]], [[3.333333333333333, 16.666666666666664], [6.666666666666668, 0.33333333333333337]]]}