{"shape": "other", "num_sides": 7, "num_lines": 18, "num_points": 12, "num_sides_with_points": 3, "num_points_on_sides": [2, 2, 1], "vertices": [[0, 10], [3, 19], [16, 20], [20, 16], [20, 10], [16, 5], [4, 1]], "bound_edges": [[[4, 1], [0, 10]], [[0, 10], [3, 19]], [[3, 19], [16, 20]], [[16, 20], [20, 16]], [[20, 16], [20, 10]], [[20, 10], [16, 5]], [[16, 5], [4, 1]]], "points_on_edge": [[12.0, 3.666666666666667], [8.0, 2.3333333333333335], [18.666666666666668, 8.333333333333334], [17.333333333333332, 6.666666666666667], [18.0, 18.0]], "inner_edges": [[[12.0, 3.666666666666667], [18.0, 18.0]], [[12.0, 3.666666666666667], [0, 10]], [[8.0, 2.3333333333333335], [0, 10]], [[8.0, 2.3333333333333335], [18.666666666666668, 8.333333333333334]], [[8.0, 2.3333333333333335], [17.333333333333332, 6.666666666666667]], [[18.666666666666668, 8.333333333333334], [18.0, 18.0]], [[18.666666666666668, 8.333333333333334], [12.0, 3.666666666666667]], [[18.666666666666668, 8.333333333333334], [4, 1]], [[17.333333333333332, 6.666666666666667], [4, 1]], [[18.0, 18.0], [3, 19]], [[18.0, 18.0], [4, 1]]]}