{"shape": "quadrilateral", "num_sides": 4, "num_lines": 10, "num_points": 7, "num_sides_with_points": 2, "num_points_on_sides": [1, 2], "vertices": [[0, 20], [15, 20], [20, 17], [16, 1]], "bound_edges": [[[16, 1], [0, 20]], [[0, 20], [15, 20]], [[15, 20], [20, 17]], [[20, 17], [16, 1]]], "points_on_edge": [[7.5, 20.0], [16.666666666666668, 19.0], [18.333333333333332, 18.0]], "inner_edges": [[[7.5, 20.0], [16.666666666666668, 19.0]], [[16.666666666666668, 19.0], [0, 20]], [[16.666666666666668, 19.0], [16, 1]], [[18.333333333333332, 18.0], [7.5, 20.0]], [[18.333333333333332, 18.0], [0, 20]], [[18.333333333333332, 18.0], [16, 1]]]}