{"shape": "pentagon", "num_sides": 5, "num_lines": 19, "num_points": 9, "num_sides_with_points": 3, "num_points_on_sides": [1, 1, 2], "vertices": [[1, 13], [3, 19], [11, 19], [16, 13], [17, 2]], "bound_edges": [[[17, 2], [1, 13]], [[1, 13], [3, 19]], [[3, 19], [11, 19]], [[11, 19], [16, 13]], [[16, 13], [17, 2]]], "points_on_edge": [[16.5, 7.5], [9.0, 7.5], [12.666666666666666, 17.0], [14.333333333333332, 15.0]], "inner_edges": [[[16.5, 7.5], [1, 13]], [[16.5, 7.5], [12.666666666666666, 17.0]], [[16.5, 7.5], [9.0, 7.5]], [[16.5, 7.5], [11, 19]], [[9.0, 7.5], [16, 13]], [[9.0, 7.5], [11, 19]], [[9.0, 7.5], [3, 19]], [[9.0, 7.5], [12.666666666666666, 17.0]], [[9.0, 7.5], [14.333333333333332, 15.0]], [[12.666666666666666, 17.0], [1, 13]], [[14.333333333333332, 15.0], [3, 19]], [[14.333333333333332, 15.0], [16.5, 7.5]], [[14.333333333333332, 15.0], [1, 13]], [[14.333333333333332, 15.0], [17, 2]]]}