{"shape": "hexagon", "num_sides": 6, "num_lines": 12, "num_points": 12, "num_sides_with_points": 4, "num_points_on_sides": [1, 2, 2, 1], "vertices": [[0, 8], [3, 20], [17, 16], [20, 12], [20, 1], [7, 0]], "bound_edges": [[[7, 0], [0, 8]], [[0, 8], [3, 20]], [[3, 20], [17, 16]], [[17, 16], [20, 12]], [[20, 12], [20, 1]], [[20, 1], [7, 0]]], "points_on_edge": [[13.5, 0.5], [7.666666666666666, 18.666666666666668], [12.333333333333332, 17.333333333333332], [18.0, 14.666666666666666], [19.0, 13.333333333333334], [3.5, 4.0]], "inner_edges": [[[13.5, 0.5], [18.0, 14.666666666666666]], [[7.666666666666666, 18.666666666666668], [7, 0]], [[12.333333333333332, 17.333333333333332], [20, 12]], [[18.0, 14.666666666666666], [3.5, 4.0]], [[19.0, 13.333333333333334], [3.5, 4.0]], [[3.5, 4.0], [13.5, 0.5]]]}