{"shape": "other", "num_sides": 7, "num_lines": 17, "num_points": 14, "num_sides_with_points": 4, "num_points_on_sides": [1, 2, 2, 2], "vertices": [[0, 12], [4, 18], [15, 19], [20, 15], [20, 7], [18, 4], [8, 1]], "bound_edges": [[[8, 1], [0, 12]], [[0, 12], [4, 18]], [[4, 18], [15, 19]], [[15, 19], [20, 15]], [[20, 15], [20, 7]], [[20, 7], [18, 4]], [[18, 4], [8, 1]]], "points_on_edge": [[4.0, 6.5], [19.333333333333332, 6.0], [18.666666666666668, 5.0], [7.666666666666666, 18.333333333333332], [11.333333333333332, 18.666666666666668], [14.666666666666668, 3.0], [11.333333333333334, 2.0]], "inner_edges": [[[4.0, 6.5], [18.666666666666668, 5.0]], [[4.0, 6.5], [7.666666666666666, 18.333333333333332]], [[19.333333333333332, 6.0], [8, 1]], [[19.333333333333332, 6.0], [14.666666666666668, 3.0]], [[18.666666666666668, 5.0], [11.333333333333332, 18.666666666666668]], [[18.666666666666668, 5.0], [11.333333333333334, 2.0]], [[7.666666666666666, 18.333333333333332], [11.333333333333334, 2.0]], [[11.333333333333332, 18.666666666666668], [8, 1]], [[14.666666666666668, 3.0], [15, 19]], [[11.333333333333334, 2.0], [20, 15]]]}