{"shape": "pentagon", "num_sides": 5, "num_lines": 15, "num_points": 9, "num_sides_with_points": 2, "num_points_on_sides": [2, 2], "vertices": [[5, 20], [19, 19], [20, 8], [15, 5], [13, 1]], "bound_edges": [[[13, 1], [5, 20]], [[5, 20], [19, 19]], [[19, 19], [20, 8]], [[20, 8], [15, 5]], [[15, 5], [13, 1]]], "points_on_edge": [[18.333333333333332, 7.0], [16.666666666666668, 6.0], [14.333333333333334, 3.666666666666667], [13.666666666666666, 2.3333333333333335]], "inner_edges": [[[18.333333333333332, 7.0], [14.333333333333334, 3.666666666666667]], [[18.333333333333332, 7.0], [5, 20]], [[16.666666666666668, 6.0], [19, 19]], [[16.666666666666668, 6.0], [13.666666666666666, 2.3333333333333335]], [[16.666666666666668, 6.0], [5, 20]], [[14.333333333333334, 3.666666666666667], [20, 8]], [[14.333333333333334, 3.666666666666667], [5, 20]], [[13.666666666666666, 2.3333333333333335], [19, 19]], [[13.666666666666666, 2.3333333333333335], [20, 8]], [[13.666666666666666, 2.3333333333333335], [18.333333333333332, 7.0]]]}