{"shape": "pentagon", "num_sides": 5, "num_lines": 10, "num_points": 10, "num_sides_with_points": 4, "num_points_on_sides": [1, 2, 1, 1], "vertices": [[1, 11], [2, 19], [20, 19], [19, 0], [7, 0]], "bound_edges": [[[7, 0], [1, 11]], [[1, 11], [2, 19]], [[2, 19], [20, 19]], [[20, 19], [19, 0]], [[19, 0], [7, 0]]], "points_on_edge": [[1.5, 15.0], [5.0, 3.6666666666666665], [3.0, 7.333333333333333], [19.5, 9.5], [13.0, 0.0]], "inner_edges": [[[1.5, 15.0], [7, 0]], [[5.0, 3.6666666666666665], [1.5, 15.0]], [[3.0, 7.333333333333333], [19.5, 9.5]], [[19.5, 9.5], [1, 11]], [[13.0, 0.0], [1.5, 15.0]]]}