{"shape": "pentagon", "num_sides": 5, "num_lines": 15, "num_points": 11, "num_sides_with_points": 4, "num_points_on_sides": [1, 2, 2, 1], "vertices": [[0, 12], [3, 20], [14, 18], [19, 12], [17, 0]], "bound_edges": [[[17, 0], [0, 12]], [[0, 12], [3, 20]], [[3, 20], [14, 18]], [[14, 18], [19, 12]], [[19, 12], [17, 0]]], "points_on_edge": [[18.0, 6.0], [15.666666666666666, 16.0], [17.333333333333332, 14.0], [11.333333333333334, 4.0], [5.666666666666668, 8.0], [1.5, 16.0]], "inner_edges": [[[18.0, 6.0], [1.5, 16.0]], [[18.0, 6.0], [11.333333333333334, 4.0]], [[15.666666666666666, 16.0], [0, 12]], [[17.333333333333332, 14.0], [0, 12]], [[11.333333333333334, 4.0], [3, 20]], [[5.666666666666668, 8.0], [19, 12]], [[5.666666666666668, 8.0], [1.5, 16.0]], [[5.666666666666668, 8.0], [15.666666666666666, 16.0]], [[1.5, 16.0], [11.333333333333334, 4.0]], [[1.5, 16.0], [14, 18]]]}