{"shape": "pentagon", "num_sides": 5, "num_lines": 26, "num_points": 13, "num_sides_with_points": 5, "num_points_on_sides": [2, 2, 1, 2, 1], "vertices": [[0, 15], [15, 20], [19, 15], [19, 5], [6, 0]], "bound_edges": [[[6, 0], [0, 15]], [[0, 15], [15, 20]], [[15, 20], [19, 15]], [[19, 15], [19, 5]], [[19, 5], [6, 0]]], "points_on_edge": [[19.0, 11.666666666666668], [19.0, 8.333333333333334], [5.0, 16.666666666666668], [10.0, 18.333333333333332], [17.0, 17.5], [4.0, 5.0], [2.0, 10.0], [12.5, 2.5]], "inner_edges": [[[19.0, 11.666666666666668], [4.0, 5.0]], [[19.0, 11.666666666666668], [6, 0]], [[19.0, 11.666666666666668], [0, 15]], [[19.0, 8.333333333333334], [15, 20]], [[5.0, 16.666666666666668], [4.0, 5.0]], [[10.0, 18.333333333333332], [17.0, 17.5]], [[10.0, 18.333333333333332], [19, 5]], [[17.0, 17.5], [5.0, 16.666666666666668]], [[17.0, 17.5], [19.0, 11.666666666666668]], [[17.0, 17.5], [19, 5]], [[17.0, 17.5], [19.0, 8.333333333333334]], [[4.0, 5.0], [19.0, 8.333333333333334]], [[4.0, 5.0], [19, 15]], [[4.0, 5.0], [15, 20]], [[2.0, 10.0], [15, 20]], [[2.0, 10.0], [17.0, 17.5]], [[2.0, 10.0], [12.5, 2.5]], [[2.0, 10.0], [19, 15]], [[12.5, 2.5], [4.0, 5.0]], [[12.5, 2.5], [19.0, 8.333333333333334]], [[12.5, 2.5], [19, 15]]]}