{"shape": "pentagon", "num_sides": 5, "num_lines": 16, "num_points": 11, "num_sides_with_points": 4, "num_points_on_sides": [1, 2, 1, 2], "vertices": [[0, 9], [9, 16], [20, 14], [20, 5], [9, 0]], "bound_edges": [[[9, 0], [0, 9]], [[0, 9], [9, 16]], [[9, 16], [20, 14]], [[20, 14], [20, 5]], [[20, 5], [9, 0]]], "points_on_edge": [[14.5, 2.5], [20.0, 11.0], [20.0, 8.0], [4.5, 4.5], [12.666666666666666, 15.333333333333334], [16.333333333333332, 14.666666666666666]], "inner_edges": [[[14.5, 2.5], [16.333333333333332, 14.666666666666666]], [[14.5, 2.5], [20.0, 8.0]], [[20.0, 11.0], [9, 0]], [[20.0, 11.0], [4.5, 4.5]], [[20.0, 8.0], [4.5, 4.5]], [[4.5, 4.5], [20, 5]], [[4.5, 4.5], [12.666666666666666, 15.333333333333334]], [[4.5, 4.5], [20, 14]], [[12.666666666666666, 15.333333333333334], [14.5, 2.5]], [[16.333333333333332, 14.666666666666666], [0, 9]], [[16.333333333333332, 14.666666666666666], [20, 5]]]}