{"shape": "quadrilateral", "num_sides": 4, "num_lines": 20, "num_points": 10, "num_sides_with_points": 4, "num_points_on_sides": [1, 2, 1, 2], "vertices": [[1, 8], [6, 19], [18, 19], [18, 1]], "bound_edges": [[[18, 1], [1, 8]], [[1, 8], [6, 19]], [[6, 19], [18, 19]], [[18, 19], [18, 1]]], "points_on_edge": [[3.5, 13.5], [12.333333333333334, 3.333333333333333], [6.666666666666668, 5.666666666666666], [18.0, 10.0], [10.0, 19.0], [14.0, 19.0]], "inner_edges": [[[3.5, 13.5], [12.333333333333334, 3.333333333333333]], [[12.333333333333334, 3.333333333333333], [18.0, 10.0]], [[12.333333333333334, 3.333333333333333], [14.0, 19.0]], [[12.333333333333334, 3.333333333333333], [6, 19]], [[6.666666666666668, 5.666666666666666], [18.0, 10.0]], [[6.666666666666668, 5.666666666666666], [6, 19]], [[6.666666666666668, 5.666666666666666], [14.0, 19.0]], [[6.666666666666668, 5.666666666666666], [10.0, 19.0]], [[18.0, 10.0], [6, 19]], [[18.0, 10.0], [10.0, 19.0]], [[10.0, 19.0], [1, 8]], [[10.0, 19.0], [12.333333333333334, 3.333333333333333]], [[10.0, 19.0], [3.5, 13.5]], [[14.0, 19.0], [18.0, 10.0]], [[14.0, 19.0], [1, 8]], [[14.0, 19.0], [18, 1]]]}