{"shape": "pentagon", "num_sides": 5, "num_lines": 14, "num_points": 14, "num_sides_with_points": 5, "num_points_on_sides": [2, 2, 2, 1, 2], "vertices": [[0, 15], [3, 20], [11, 20], [20, 8], [19, 2]], "bound_edges": [[[19, 2], [0, 15]], [[0, 15], [3, 20]], [[3, 20], [11, 20]], [[11, 20], [20, 8]], [[20, 8], [19, 2]]], "points_on_edge": [[5.666666666666666, 20.0], [8.333333333333332, 20.0], [19.666666666666668, 6.0], [19.333333333333332, 4.0], [1.0, 16.666666666666668], [2.0, 18.333333333333332], [9.5, 8.5], [14.0, 16.0], [17.0, 12.0]], "inner_edges": [[[5.666666666666666, 20.0], [20, 8]], [[8.333333333333332, 20.0], [2.0, 18.333333333333332]], [[19.666666666666668, 6.0], [5.666666666666666, 20.0]], [[19.333333333333332, 4.0], [2.0, 18.333333333333332]], [[1.0, 16.666666666666668], [19.666666666666668, 6.0]], [[2.0, 18.333333333333332], [9.5, 8.5]], [[9.5, 8.5], [3, 20]], [[14.0, 16.0], [2.0, 18.333333333333332]], [[17.0, 12.0], [3, 20]]]}