{"shape": "triangle", "num_sides": 3, "num_lines": 14, "num_points": 9, "num_sides_with_points": 3, "num_points_on_sides": [2, 2, 2], "vertices": [[1, 19], [17, 20], [18, 3]], "bound_edges": [[[18, 3], [1, 19]], [[1, 19], [17, 20]], [[17, 20], [18, 3]]], "points_on_edge": [[12.333333333333334, 8.333333333333332], [6.666666666666668, 13.666666666666666], [17.333333333333332, 14.333333333333334], [17.666666666666668, 8.666666666666668], [6.333333333333333, 19.333333333333332], [11.666666666666666, 19.666666666666668]], "inner_edges": [[[12.333333333333334, 8.333333333333332], [6.333333333333333, 19.333333333333332]], [[12.333333333333334, 8.333333333333332], [17.666666666666668, 8.666666666666668]], [[6.666666666666668, 13.666666666666666], [17, 20]], [[17.333333333333332, 14.333333333333334], [1, 19]], [[17.333333333333332, 14.333333333333334], [12.333333333333334, 8.333333333333332]], [[17.666666666666668, 8.666666666666668], [11.666666666666666, 19.666666666666668]], [[17.666666666666668, 8.666666666666668], [6.333333333333333, 19.333333333333332]], [[6.333333333333333, 19.333333333333332], [17.333333333333332, 14.333333333333334]], [[6.333333333333333, 19.333333333333332], [18, 3]], [[11.666666666666666, 19.666666666666668], [18, 3]], [[11.666666666666666, 19.666666666666668], [6.666666666666668, 13.666666666666666]]]}