{"shape": "hexagon", "num_sides": 6, "num_lines": 27, "num_points": 15, "num_sides_with_points": 5, "num_points_on_sides": [2, 2, 2, 2, 1], "vertices": [[1, 12], [3, 18], [6, 20], [12, 20], [18, 5], [9, 1]], "bound_edges": [[[9, 1], [1, 12]], [[1, 12], [3, 18]], [[3, 18], [6, 20]], [[6, 20], [12, 20]], [[12, 20], [18, 5]], [[18, 5], [9, 1]]], "points_on_edge": [[1.6666666666666665, 14.0], [2.333333333333333, 16.0], [15.0, 3.666666666666667], [12.0, 2.3333333333333335], [8.0, 20.0], [10.0, 20.0], [6.333333333333334, 4.666666666666666], [3.666666666666667, 8.333333333333332], [4.5, 19.0]], "inner_edges": [[[1.6666666666666665, 14.0], [4.5, 19.0]], [[2.333333333333333, 16.0], [3.666666666666667, 8.333333333333332]], [[15.0, 3.666666666666667], [1, 12]], [[12.0, 2.3333333333333335], [2.333333333333333, 16.0]], [[8.0, 20.0], [9, 1]], [[8.0, 20.0], [2.333333333333333, 16.0]], [[8.0, 20.0], [1, 12]], [[10.0, 20.0], [3, 18]], [[10.0, 20.0], [6.333333333333334, 4.666666666666666]], [[10.0, 20.0], [9, 1]], [[10.0, 20.0], [1, 12]], [[6.333333333333334, 4.666666666666666], [8.0, 20.0]], [[6.333333333333334, 4.666666666666666], [12, 20]], [[6.333333333333334, 4.666666666666666], [3, 18]], [[3.666666666666667, 8.333333333333332], [10.0, 20.0]], [[3.666666666666667, 8.333333333333332], [15.0, 3.666666666666667]], [[3.666666666666667, 8.333333333333332], [4.5, 19.0]], [[4.5, 19.0], [12.0, 2.3333333333333335]], [[4.5, 19.0], [8.0, 20.0]], [[4.5, 19.0], [12, 20]], [[4.5, 19.0], [10.0, 20.0]]]}