{"shape": "pentagon", "num_sides": 5, "num_lines": 20, "num_points": 10, "num_sides_with_points": 3, "num_points_on_sides": [1, 2, 2], "vertices": [[0, 14], [4, 20], [11, 20], [19, 15], [18, 0]], "bound_edges": [[[18, 0], [0, 14]], [[0, 14], [4, 20]], [[4, 20], [11, 20]], [[11, 20], [19, 15]], [[19, 15], [18, 0]]], "points_on_edge": [[18.5, 7.5], [6.333333333333333, 20.0], [8.666666666666666, 20.0], [13.666666666666666, 18.333333333333332], [16.333333333333332, 16.666666666666668]], "inner_edges": [[[18.5, 7.5], [8.666666666666666, 20.0]], [[18.5, 7.5], [16.333333333333332, 16.666666666666668]], [[18.5, 7.5], [6.333333333333333, 20.0]], [[18.5, 7.5], [4, 20]], [[18.5, 7.5], [0, 14]], [[6.333333333333333, 20.0], [16.333333333333332, 16.666666666666668]], [[6.333333333333333, 20.0], [0, 14]], [[6.333333333333333, 20.0], [19, 15]], [[8.666666666666666, 20.0], [13.666666666666666, 18.333333333333332]], [[8.666666666666666, 20.0], [18, 0]], [[8.666666666666666, 20.0], [19, 15]], [[13.666666666666666, 18.333333333333332], [6.333333333333333, 20.0]], [[13.666666666666666, 18.333333333333332], [18.5, 7.5]], [[16.333333333333332, 16.666666666666668], [0, 14]], [[16.333333333333332, 16.666666666666668], [4, 20]]]}