{"shape": "pentagon", "num_sides": 5, "num_lines": 23, "num_points": 13, "num_sides_with_points": 4, "num_points_on_sides": [2, 2, 2, 2], "vertices": [[1, 16], [6, 20], [20, 18], [18, 1], [0, 0]], "bound_edges": [[[0, 0], [1, 16]], [[1, 16], [6, 20]], [[6, 20], [20, 18]], [[20, 18], [18, 1]], [[18, 1], [0, 0]]], "points_on_edge": [[19.333333333333332, 12.333333333333334], [18.666666666666668, 6.666666666666668], [2.6666666666666665, 17.333333333333332], [4.333333333333333, 18.666666666666668], [10.666666666666666, 19.333333333333332], [15.333333333333332, 18.666666666666668], [0.3333333333333333, 5.333333333333333], [0.6666666666666666, 10.666666666666666]], "inner_edges": [[[19.333333333333332, 12.333333333333334], [2.6666666666666665, 17.333333333333332]], [[18.666666666666668, 6.666666666666668], [0.3333333333333333, 5.333333333333333]], [[18.666666666666668, 6.666666666666668], [15.333333333333332, 18.666666666666668]], [[18.666666666666668, 6.666666666666668], [0.6666666666666666, 10.666666666666666]], [[2.6666666666666665, 17.333333333333332], [15.333333333333332, 18.666666666666668]], [[4.333333333333333, 18.666666666666668], [0.6666666666666666, 10.666666666666666]], [[4.333333333333333, 18.666666666666668], [18, 1]], [[10.666666666666666, 19.333333333333332], [0.6666666666666666, 10.666666666666666]], [[10.666666666666666, 19.333333333333332], [2.6666666666666665, 17.333333333333332]], [[10.666666666666666, 19.333333333333332], [0, 0]], [[15.333333333333332, 18.666666666666668], [4.333333333333333, 18.666666666666668]], [[15.333333333333332, 18.666666666666668], [0.3333333333333333, 5.333333333333333]], [[0.3333333333333333, 5.333333333333333], [10.666666666666666, 19.333333333333332]], [[0.3333333333333333, 5.333333333333333], [20, 18]], [[0.3333333333333333, 5.333333333333333], [19.333333333333332, 12.333333333333334]], [[0.6666666666666666, 10.666666666666666], [15.333333333333332, 18.666666666666668]], [[0.6666666666666666, 10.666666666666666], [2.6666666666666665, 17.333333333333332]], [[0.6666666666666666, 10.666666666666666], [6, 20]]]}