{"shape": "hexagon", "num_sides": 6, "num_lines": 17, "num_points": 13, "num_sides_with_points": 5, "num_points_on_sides": [2, 1, 1, 1, 2], "vertices": [[0, 8], [1, 15], [5, 20], [18, 20], [18, 3], [8, 1]], "bound_edges": [[[8, 1], [0, 8]], [[0, 8], [1, 15]], [[1, 15], [5, 20]], [[5, 20], [18, 20]], [[18, 20], [18, 3]], [[18, 3], [8, 1]]], "points_on_edge": [[2.333333333333333, 16.666666666666668], [3.6666666666666665, 18.333333333333332], [0.5, 11.5], [13.0, 2.0], [18.0, 11.5], [5.333333333333334, 3.333333333333333], [2.666666666666667, 5.666666666666666]], "inner_edges": [[[2.333333333333333, 16.666666666666668], [18, 20]], [[2.333333333333333, 16.666666666666668], [0, 8]], [[3.6666666666666665, 18.333333333333332], [0, 8]], [[3.6666666666666665, 18.333333333333332], [18, 3]], [[0.5, 11.5], [18.0, 11.5]], [[0.5, 11.5], [8, 1]], [[13.0, 2.0], [5.333333333333334, 3.333333333333333]], [[18.0, 11.5], [8, 1]], [[18.0, 11.5], [2.333333333333333, 16.666666666666668]], [[5.333333333333334, 3.333333333333333], [0.5, 11.5]], [[2.666666666666667, 5.666666666666666], [1, 15]]]}