{"shape": "pentagon", "num_sides": 5, "num_lines": 25, "num_points": 14, "num_sides_with_points": 5, "num_points_on_sides": [2, 2, 1, 2, 2], "vertices": [[1, 14], [4, 19], [11, 20], [18, 17], [20, 3]], "bound_edges": [[[20, 3], [1, 14]], [[1, 14], [4, 19]], [[4, 19], [11, 20]], [[11, 20], [18, 17]], [[18, 17], [20, 3]]], "points_on_edge": [[6.333333333333333, 19.333333333333332], [8.666666666666666, 19.666666666666668], [13.666666666666668, 6.666666666666666], [7.333333333333334, 10.333333333333332], [2.5, 16.5], [18.666666666666668, 12.333333333333334], [19.333333333333332, 7.666666666666668], [13.333333333333332, 19.0], [15.666666666666666, 18.0]], "inner_edges": [[[6.333333333333333, 19.333333333333332], [1, 14]], [[8.666666666666666, 19.666666666666668], [18.666666666666668, 12.333333333333334]], [[8.666666666666666, 19.666666666666668], [13.666666666666668, 6.666666666666666]], [[13.666666666666668, 6.666666666666666], [15.666666666666666, 18.0]], [[13.666666666666668, 6.666666666666666], [2.5, 16.5]], [[13.666666666666668, 6.666666666666666], [18, 17]], [[7.333333333333334, 10.333333333333332], [18, 17]], [[7.333333333333334, 10.333333333333332], [18.666666666666668, 12.333333333333334]], [[7.333333333333334, 10.333333333333332], [11, 20]], [[2.5, 16.5], [13.333333333333332, 19.0]], [[2.5, 16.5], [11, 20]], [[18.666666666666668, 12.333333333333334], [1, 14]], [[18.666666666666668, 12.333333333333334], [2.5, 16.5]], [[18.666666666666668, 12.333333333333334], [4, 19]], [[19.333333333333332, 7.666666666666668], [7.333333333333334, 10.333333333333332]], [[13.333333333333332, 19.0], [20, 3]], [[13.333333333333332, 19.0], [7.333333333333334, 10.333333333333332]], [[15.666666666666666, 18.0], [20, 3]], [[15.666666666666666, 18.0], [2.5, 16.5]], [[15.666666666666666, 18.0], [6.333333333333333, 19.333333333333332]]]}