{"shape": "hexagon", "num_sides": 6, "num_lines": 15, "num_points": 11, "num_sides_with_points": 3, "num_points_on_sides": [2, 1, 2], "vertices": [[2, 11], [4, 17], [13, 18], [19, 14], [17, 0], [8, 0]], "bound_edges": [[[8, 0], [2, 11]], [[2, 11], [4, 17]], [[4, 17], [13, 18]], [[13, 18], [19, 14]], [[19, 14], [17, 0]], [[17, 0], [8, 0]]], "points_on_edge": [[6.0, 3.6666666666666665], [4.0, 7.333333333333333], [12.5, 0.0], [2.6666666666666665, 13.0], [3.333333333333333, 15.0]], "inner_edges": [[[6.0, 3.6666666666666665], [4, 17]], [[4.0, 7.333333333333333], [12.5, 0.0]], [[4.0, 7.333333333333333], [19, 14]], [[12.5, 0.0], [4, 17]], [[12.5, 0.0], [3.333333333333333, 15.0]], [[2.6666666666666665, 13.0], [8, 0]], [[2.6666666666666665, 13.0], [13, 18]], [[3.333333333333333, 15.0], [8, 0]], [[3.333333333333333, 15.0], [19, 14]]]}