{"shape": "quadrilateral", "num_sides": 4, "num_lines": 8, "num_points": 6, "num_sides_with_points": 1, "num_points_on_sides": [2], "vertices": [[0, 20], [17, 20], [20, 16], [15, 3]], "bound_edges": [[[15, 3], [0, 20]], [[0, 20], [17, 20]], [[17, 20], [20, 16]], [[20, 16], [15, 3]]], "points_on_edge": [[18.0, 18.666666666666668], [19.0, 17.333333333333332]], "inner_edges": [[[18.0, 18.666666666666668], [15, 3]], [[18.0, 18.666666666666668], [0, 20]], [[19.0, 17.333333333333332], [0, 20]], [[19.0, 17.333333333333332], [15, 3]]]}