{"shape": "quadrilateral", "num_sides": 4, "num_lines": 14, "num_points": 9, "num_sides_with_points": 3, "num_points_on_sides": [2, 2, 1], "vertices": [[3, 19], [18, 20], [20, 11], [14, 0]], "bound_edges": [[[14, 0], [3, 19]], [[3, 19], [18, 20]], [[18, 20], [20, 11]], [[20, 11], [14, 0]]], "points_on_edge": [[18.666666666666668, 17.0], [19.333333333333332, 14.0], [8.0, 19.333333333333332], [13.0, 19.666666666666668], [17.0, 5.5]], "inner_edges": [[[18.666666666666668, 17.0], [8.0, 19.333333333333332]], [[18.666666666666668, 17.0], [3, 19]], [[19.333333333333332, 14.0], [13.0, 19.666666666666668]], [[19.333333333333332, 14.0], [14, 0]], [[8.0, 19.333333333333332], [19.333333333333332, 14.0]], [[8.0, 19.333333333333332], [20, 11]], [[13.0, 19.666666666666668], [17.0, 5.5]], [[13.0, 19.666666666666668], [20, 11]], [[13.0, 19.666666666666668], [18.666666666666668, 17.0]], [[17.0, 5.5], [18, 20]]]}