{"shape": "pentagon", "num_sides": 5, "num_lines": 14, "num_points": 11, "num_sides_with_points": 4, "num_points_on_sides": [1, 1, 2, 2], "vertices": [[1, 20], [14, 20], [19, 4], [15, 0], [6, 0]], "bound_edges": [[[6, 0], [1, 20]], [[1, 20], [14, 20]], [[14, 20], [19, 4]], [[19, 4], [15, 0]], [[15, 0], [6, 0]]], "points_on_edge": [[7.5, 20.0], [16.5, 12.0], [4.333333333333334, 6.666666666666666], [2.666666666666667, 13.333333333333332], [12.0, 0.0], [9.0, 0.0]], "inner_edges": [[[7.5, 20.0], [16.5, 12.0]], [[7.5, 20.0], [6, 0]], [[16.5, 12.0], [12.0, 0.0]], [[4.333333333333334, 6.666666666666666], [7.5, 20.0]], [[4.333333333333334, 6.666666666666666], [15, 0]], [[2.666666666666667, 13.333333333333332], [16.5, 12.0]], [[12.0, 0.0], [19, 4]], [[9.0, 0.0], [7.5, 20.0]], [[9.0, 0.0], [1, 20]]]}