{"shape": "quadrilateral", "num_sides": 4, "num_lines": 8, "num_points": 6, "num_sides_with_points": 1, "num_points_on_sides": [2], "vertices": [[0, 20], [20, 20], [20, 8], [12, 1]], "bound_edges": [[[12, 1], [0, 20]], [[0, 20], [20, 20]], [[20, 20], [20, 8]], [[20, 8], [12, 1]]], "points_on_edge": [[6.666666666666666, 20.0], [13.333333333333332, 20.0]], "inner_edges": [[[6.666666666666666, 20.0], [20, 8]], [[6.666666666666666, 20.0], [12, 1]], [[13.333333333333332, 20.0], [12, 1]], [[13.333333333333332, 20.0], [20, 8]]]}