{"shape": "hexagon", "num_sides": 6, "num_lines": 13, "num_points": 10, "num_sides_with_points": 3, "num_points_on_sides": [2, 1, 1], "vertices": [[0, 2], [1, 18], [4, 20], [14, 19], [19, 3], [5, 0]], "bound_edges": [[[5, 0], [0, 2]], [[0, 2], [1, 18]], [[1, 18], [4, 20]], [[4, 20], [14, 19]], [[14, 19], [19, 3]], [[19, 3], [5, 0]]], "points_on_edge": [[14.333333333333334, 2.0], [9.666666666666668, 1.0], [2.5, 1.0], [0.5, 10.0]], "inner_edges": [[[14.333333333333334, 2.0], [2.5, 1.0]], [[9.666666666666668, 1.0], [0.5, 10.0]], [[9.666666666666668, 1.0], [14, 19]], [[2.5, 1.0], [4, 20]], [[2.5, 1.0], [14, 19]], [[0.5, 10.0], [14, 19]], [[0.5, 10.0], [4, 20]]]}