{"shape": "hexagon", "num_sides": 6, "num_lines": 20, "num_points": 12, "num_sides_with_points": 4, "num_points_on_sides": [2, 1, 2, 1], "vertices": [[0, 13], [1, 19], [8, 20], [19, 15], [17, 0], [11, 0]], "bound_edges": [[[11, 0], [0, 13]], [[0, 13], [1, 19]], [[1, 19], [8, 20]], [[8, 20], [19, 15]], [[19, 15], [17, 0]], [[17, 0], [11, 0]]], "points_on_edge": [[15.0, 0.0], [13.0, 0.0], [0.5, 16.0], [7.333333333333334, 4.333333333333333], [3.666666666666667, 8.666666666666666], [18.0, 7.5]], "inner_edges": [[[15.0, 0.0], [18.0, 7.5]], [[13.0, 0.0], [19, 15]], [[13.0, 0.0], [3.666666666666667, 8.666666666666666]], [[13.0, 0.0], [8, 20]], [[13.0, 0.0], [1, 19]], [[0.5, 16.0], [17, 0]], [[7.333333333333334, 4.333333333333333], [0.5, 16.0]], [[3.666666666666667, 8.666666666666666], [15.0, 0.0]], [[3.666666666666667, 8.666666666666666], [19, 15]], [[3.666666666666667, 8.666666666666666], [8, 20]], [[18.0, 7.5], [7.333333333333334, 4.333333333333333]], [[18.0, 7.5], [0.5, 16.0]], [[18.0, 7.5], [11, 0]], [[18.0, 7.5], [3.666666666666667, 8.666666666666666]]]}