{"shape": "pentagon", "num_sides": 5, "num_lines": 9, "num_points": 9, "num_sides_with_points": 3, "num_points_on_sides": [2, 1, 1], "vertices": [[0, 12], [4, 19], [11, 20], [20, 14], [20, 1]], "bound_edges": [[[20, 1], [0, 12]], [[0, 12], [4, 19]], [[4, 19], [11, 20]], [[11, 20], [20, 14]], [[20, 14], [20, 1]]], "points_on_edge": [[6.333333333333333, 19.333333333333332], [8.666666666666666, 19.666666666666668], [20.0, 7.5], [2.0, 15.5]], "inner_edges": [[[6.333333333333333, 19.333333333333332], [2.0, 15.5]], [[8.666666666666666, 19.666666666666668], [0, 12]], [[20.0, 7.5], [11, 20]], [[2.0, 15.5], [8.666666666666666, 19.666666666666668]]]}