{"shape": "pentagon", "num_sides": 5, "num_lines": 13, "num_points": 8, "num_sides_with_points": 2, "num_points_on_sides": [2, 1], "vertices": [[3, 19], [13, 20], [20, 12], [16, 1], [10, 0]], "bound_edges": [[[10, 0], [3, 19]], [[3, 19], [13, 20]], [[13, 20], [20, 12]], [[20, 12], [16, 1]], [[16, 1], [10, 0]]], "points_on_edge": [[6.333333333333333, 19.333333333333332], [9.666666666666666, 19.666666666666668], [6.5, 9.5]], "inner_edges": [[[6.333333333333333, 19.333333333333332], [10, 0]], [[6.333333333333333, 19.333333333333332], [20, 12]], [[6.333333333333333, 19.333333333333332], [16, 1]], [[9.666666666666666, 19.666666666666668], [6.5, 9.5]], [[9.666666666666666, 19.666666666666668], [20, 12]], [[6.5, 9.5], [16, 1]], [[6.5, 9.5], [6.333333333333333, 19.333333333333332]], [[6.5, 9.5], [20, 12]]]}