{"shape": "pentagon", "num_sides": 5, "num_lines": 11, "num_points": 9, "num_sides_with_points": 3, "num_points_on_sides": [1, 2, 1], "vertices": [[0, 8], [5, 17], [12, 20], [19, 15], [19, 1]], "bound_edges": [[[19, 1], [0, 8]], [[0, 8], [5, 17]], [[5, 17], [12, 20]], [[12, 20], [19, 15]], [[19, 15], [19, 1]]], "points_on_edge": [[15.5, 17.5], [19.0, 10.333333333333334], [19.0, 5.666666666666668], [8.5, 18.5]], "inner_edges": [[[15.5, 17.5], [5, 17]], [[15.5, 17.5], [19, 1]], [[19.0, 10.333333333333334], [15.5, 17.5]], [[19.0, 10.333333333333334], [12, 20]], [[19.0, 5.666666666666668], [0, 8]], [[8.5, 18.5], [15.5, 17.5]]]}