{"shape": "hexagon", "num_sides": 6, "num_lines": 16, "num_points": 13, "num_sides_with_points": 4, "num_points_on_sides": [2, 1, 2, 2], "vertices": [[1, 12], [4, 17], [14, 17], [19, 11], [19, 3], [4, 0]], "bound_edges": [[[4, 0], [1, 12]], [[1, 12], [4, 17]], [[4, 17], [14, 17]], [[14, 17], [19, 11]], [[19, 11], [19, 3]], [[19, 3], [4, 0]]], "points_on_edge": [[2.0, 13.666666666666666], [3.0, 15.333333333333332], [11.5, 1.5], [15.666666666666666, 15.0], [17.333333333333332, 13.0], [3.0, 4.0], [2.0, 8.0]], "inner_edges": [[[2.0, 13.666666666666666], [17.333333333333332, 13.0]], [[3.0, 15.333333333333332], [3.0, 4.0]], [[3.0, 15.333333333333332], [17.333333333333332, 13.0]], [[11.5, 1.5], [2.0, 13.666666666666666]], [[11.5, 1.5], [4, 17]], [[15.666666666666666, 15.0], [19, 3]], [[17.333333333333332, 13.0], [4, 0]], [[3.0, 4.0], [14, 17]], [[2.0, 8.0], [4, 17]], [[2.0, 8.0], [11.5, 1.5]]]}