{"shape": "pentagon", "num_sides": 5, "num_lines": 14, "num_points": 11, "num_sides_with_points": 4, "num_points_on_sides": [2, 1, 1, 2], "vertices": [[0, 13], [3, 20], [18, 20], [18, 1], [10, 0]], "bound_edges": [[[10, 0], [0, 13]], [[0, 13], [3, 20]], [[3, 20], [18, 20]], [[18, 20], [18, 1]], [[18, 1], [10, 0]]], "points_on_edge": [[1.0, 15.333333333333332], [2.0, 17.666666666666664], [14.0, 0.5], [5.0, 6.5], [8.0, 20.0], [13.0, 20.0]], "inner_edges": [[[1.0, 15.333333333333332], [18, 20]], [[2.0, 17.666666666666664], [5.0, 6.5]], [[2.0, 17.666666666666664], [8.0, 20.0]], [[14.0, 0.5], [1.0, 15.333333333333332]], [[14.0, 0.5], [5.0, 6.5]], [[5.0, 6.5], [1.0, 15.333333333333332]], [[8.0, 20.0], [1.0, 15.333333333333332]], [[8.0, 20.0], [5.0, 6.5]], [[13.0, 20.0], [10, 0]]]}