{"shape": "hexagon", "num_sides": 6, "num_lines": 14, "num_points": 11, "num_sides_with_points": 3, "num_points_on_sides": [2, 1, 2], "vertices": [[1, 10], [3, 15], [9, 19], [20, 18], [18, 3], [12, 1]], "bound_edges": [[[12, 1], [1, 10]], [[1, 10], [3, 15]], [[3, 15], [9, 19]], [[9, 19], [20, 18]], [[20, 18], [18, 3]], [[18, 3], [12, 1]]], "points_on_edge": [[16.0, 2.3333333333333335], [14.0, 1.6666666666666667], [6.0, 17.0], [8.333333333333334, 4.0], [4.666666666666667, 7.0]], "inner_edges": [[[16.0, 2.3333333333333335], [8.333333333333334, 4.0]], [[14.0, 1.6666666666666667], [3, 15]], [[6.0, 17.0], [14.0, 1.6666666666666667]], [[8.333333333333334, 4.0], [6.0, 17.0]], [[8.333333333333334, 4.0], [18, 3]], [[8.333333333333334, 4.0], [9, 19]], [[4.666666666666667, 7.0], [18, 3]], [[4.666666666666667, 7.0], [9, 19]]]}