{"shape": "pentagon", "num_sides": 5, "num_lines": 17, "num_points": 14, "num_sides_with_points": 5, "num_points_on_sides": [2, 2, 2, 1, 2], "vertices": [[0, 10], [1, 15], [6, 18], [19, 16], [19, 2]], "bound_edges": [[[19, 2], [0, 10]], [[0, 10], [1, 15]], [[1, 15], [6, 18]], [[6, 18], [19, 16]], [[19, 16], [19, 2]]], "points_on_edge": [[2.6666666666666665, 16.0], [4.333333333333333, 17.0], [19.0, 11.333333333333334], [19.0, 6.666666666666668], [12.666666666666668, 4.666666666666666], [6.333333333333334, 7.333333333333333], [0.5, 12.5], [10.333333333333332, 17.333333333333332], [14.666666666666666, 16.666666666666668]], "inner_edges": [[[2.6666666666666665, 16.0], [6.333333333333334, 7.333333333333333]], [[4.333333333333333, 17.0], [14.666666666666666, 16.666666666666668]], [[4.333333333333333, 17.0], [19, 2]], [[19.0, 11.333333333333334], [10.333333333333332, 17.333333333333332]], [[19.0, 6.666666666666668], [4.333333333333333, 17.0]], [[12.666666666666668, 4.666666666666666], [10.333333333333332, 17.333333333333332]], [[6.333333333333334, 7.333333333333333], [10.333333333333332, 17.333333333333332]], [[6.333333333333334, 7.333333333333333], [1, 15]], [[0.5, 12.5], [12.666666666666668, 4.666666666666666]], [[10.333333333333332, 17.333333333333332], [2.6666666666666665, 16.0]], [[14.666666666666666, 16.666666666666668], [1, 15]], [[14.666666666666666, 16.666666666666668], [0.5, 12.5]]]}