{"shape": "pentagon", "num_sides": 5, "num_lines": 8, "num_points": 7, "num_sides_with_points": 1, "num_points_on_sides": [2], "vertices": [[0, 8], [4, 19], [16, 19], [20, 6], [11, 3]], "bound_edges": [[[11, 3], [0, 8]], [[0, 8], [4, 19]], [[4, 19], [16, 19]], [[16, 19], [20, 6]], [[20, 6], [11, 3]]], "points_on_edge": [[7.333333333333334, 4.666666666666666], [3.666666666666667, 6.333333333333333]], "inner_edges": [[[7.333333333333334, 4.666666666666666], [4, 19]], [[3.666666666666667, 6.333333333333333], [4, 19]], [[3.666666666666667, 6.333333333333333], [16, 19]]]}