{"shape": "pentagon", "num_sides": 5, "num_lines": 10, "num_points": 10, "num_sides_with_points": 3, "num_points_on_sides": [2, 2, 1], "vertices": [[0, 6], [4, 20], [18, 20], [20, 14], [16, 3]], "bound_edges": [[[16, 3], [0, 6]], [[0, 6], [4, 20]], [[4, 20], [18, 20]], [[18, 20], [20, 14]], [[20, 14], [16, 3]]], "points_on_edge": [[18.666666666666668, 18.0], [19.333333333333332, 16.0], [18.666666666666668, 10.333333333333334], [17.333333333333332, 6.666666666666667], [2.0, 13.0]], "inner_edges": [[[18.666666666666668, 18.0], [18.666666666666668, 10.333333333333334]], [[19.333333333333332, 16.0], [2.0, 13.0]], [[18.666666666666668, 10.333333333333334], [19.333333333333332, 16.0]], [[17.333333333333332, 6.666666666666667], [18, 20]], [[2.0, 13.0], [17.333333333333332, 6.666666666666667]]]}