{"shape": "other", "num_sides": 8, "num_lines": 12, "num_points": 12, "num_sides_with_points": 2, "num_points_on_sides": [2, 2], "vertices": [[0, 10], [1, 17], [5, 20], [13, 19], [18, 15], [19, 10], [14, 0], [6, 0]], "bound_edges": [[[6, 0], [0, 10]], [[0, 10], [1, 17]], [[1, 17], [5, 20]], [[5, 20], [13, 19]], [[13, 19], [18, 15]], [[18, 15], [19, 10]], [[19, 10], [14, 0]], [[14, 0], [6, 0]]], "points_on_edge": [[0.3333333333333333, 12.333333333333332], [0.6666666666666666, 14.666666666666666], [2.333333333333333, 18.0], [3.6666666666666665, 19.0]], "inner_edges": [[[0.3333333333333333, 12.333333333333332], [6, 0]], [[0.6666666666666666, 14.666666666666666], [6, 0]], [[2.333333333333333, 18.0], [14, 0]], [[3.6666666666666665, 19.0], [18, 15]]]}