{"shape": "pentagon", "num_sides": 5, "num_lines": 12, "num_points": 11, "num_sides_with_points": 5, "num_points_on_sides": [2, 1, 1, 1, 1], "vertices": [[0, 7], [1, 14], [6, 20], [20, 20], [19, 1]], "bound_edges": [[[19, 1], [0, 7]], [[0, 7], [1, 14]], [[1, 14], [6, 20]], [[6, 20], [20, 20]], [[20, 20], [19, 1]]], "points_on_edge": [[19.666666666666668, 13.666666666666668], [19.333333333333332, 7.333333333333334], [0.5, 10.5], [3.5, 17.0], [9.5, 4.0], [13.0, 20.0]], "inner_edges": [[[19.666666666666668, 13.666666666666668], [3.5, 17.0]], [[19.333333333333332, 7.333333333333334], [0, 7]], [[0.5, 10.5], [19, 1]], [[3.5, 17.0], [19.333333333333332, 7.333333333333334]], [[3.5, 17.0], [13.0, 20.0]], [[9.5, 4.0], [6, 20]], [[13.0, 20.0], [19.666666666666668, 13.666666666666668]]]}