{"shape": "quadrilateral", "num_sides": 4, "num_lines": 15, "num_points": 9, "num_sides_with_points": 4, "num_points_on_sides": [1, 2, 1, 1], "vertices": [[0, 8], [2, 18], [20, 18], [14, 0]], "bound_edges": [[[14, 0], [0, 8]], [[0, 8], [2, 18]], [[2, 18], [20, 18]], [[20, 18], [14, 0]]], "points_on_edge": [[7.0, 4.0], [0.6666666666666666, 11.333333333333332], [1.3333333333333333, 14.666666666666666], [17.0, 9.0], [11.0, 18.0]], "inner_edges": [[[7.0, 4.0], [17.0, 9.0]], [[7.0, 4.0], [1.3333333333333333, 14.666666666666666]], [[7.0, 4.0], [2, 18]], [[0.6666666666666666, 11.333333333333332], [11.0, 18.0]], [[1.3333333333333333, 14.666666666666666], [20, 18]], [[1.3333333333333333, 14.666666666666666], [17.0, 9.0]], [[1.3333333333333333, 14.666666666666666], [11.0, 18.0]], [[17.0, 9.0], [0.6666666666666666, 11.333333333333332]], [[11.0, 18.0], [17.0, 9.0]], [[11.0, 18.0], [14, 0]], [[11.0, 18.0], [7.0, 4.0]]]}