{"shape": "hexagon", "num_sides": 6, "num_lines": 17, "num_points": 10, "num_sides_with_points": 3, "num_points_on_sides": [2, 1, 1], "vertices": [[0, 17], [13, 20], [20, 17], [20, 6], [11, 0], [0, 0]], "bound_edges": [[[0, 0], [0, 17]], [[0, 17], [13, 20]], [[13, 20], [20, 17]], [[20, 17], [20, 6]], [[20, 6], [11, 0]], [[11, 0], [0, 0]]], "points_on_edge": [[7.333333333333334, 0.0], [3.666666666666667, 0.0], [15.5, 3.0], [20.0, 11.5]], "inner_edges": [[[7.333333333333334, 0.0], [13, 20]], [[7.333333333333334, 0.0], [20, 6]], [[3.666666666666667, 0.0], [20, 6]], [[3.666666666666667, 0.0], [20, 17]], [[15.5, 3.0], [0, 0]], [[15.5, 3.0], [13, 20]], [[15.5, 3.0], [20.0, 11.5]], [[15.5, 3.0], [3.666666666666667, 0.0]], [[20.0, 11.5], [0, 0]], [[20.0, 11.5], [3.666666666666667, 0.0]], [[20.0, 11.5], [11, 0]]]}