{"shape": "quadrilateral", "num_sides": 4, "num_lines": 9, "num_points": 9, "num_sides_with_points": 4, "num_points_on_sides": [2, 1, 1, 1], "vertices": [[1, 20], [17, 20], [20, 2], [12, 1]], "bound_edges": [[[12, 1], [1, 20]], [[1, 20], [17, 20]], [[17, 20], [20, 2]], [[20, 2], [12, 1]]], "points_on_edge": [[8.333333333333334, 7.333333333333333], [4.666666666666667, 13.666666666666666], [16.0, 1.5], [18.5, 11.0], [9.0, 20.0]], "inner_edges": [[[8.333333333333334, 7.333333333333333], [20, 2]], [[4.666666666666667, 13.666666666666666], [16.0, 1.5]], [[16.0, 1.5], [18.5, 11.0]], [[18.5, 11.0], [4.666666666666667, 13.666666666666666]], [[9.0, 20.0], [4.666666666666667, 13.666666666666666]]]}