{"shape": "pentagon", "num_sides": 5, "num_lines": 10, "num_points": 10, "num_sides_with_points": 3, "num_points_on_sides": [1, 2, 2], "vertices": [[0, 16], [17, 20], [20, 5], [14, 0], [7, 0]], "bound_edges": [[[7, 0], [0, 16]], [[0, 16], [17, 20]], [[17, 20], [20, 5]], [[20, 5], [14, 0]], [[14, 0], [7, 0]]], "points_on_edge": [[18.5, 12.5], [11.666666666666668, 0.0], [9.333333333333334, 0.0], [5.666666666666666, 17.333333333333332], [11.333333333333332, 18.666666666666668]], "inner_edges": [[[18.5, 12.5], [11.666666666666668, 0.0]], [[11.666666666666668, 0.0], [5.666666666666666, 17.333333333333332]], [[9.333333333333334, 0.0], [11.333333333333332, 18.666666666666668]], [[5.666666666666666, 17.333333333333332], [7, 0]], [[11.333333333333332, 18.666666666666668], [20, 5]]]}