{"shape": "hexagon", "num_sides": 6, "num_lines": 16, "num_points": 12, "num_sides_with_points": 4, "num_points_on_sides": [2, 1, 2, 1], "vertices": [[0, 15], [13, 18], [18, 15], [18, 5], [14, 0], [4, 0]], "bound_edges": [[[4, 0], [0, 15]], [[0, 15], [13, 18]], [[13, 18], [18, 15]], [[18, 15], [18, 5]], [[18, 5], [14, 0]], [[14, 0], [4, 0]]], "points_on_edge": [[18.0, 11.666666666666668], [18.0, 8.333333333333334], [16.0, 2.5], [10.666666666666668, 0.0], [7.333333333333334, 0.0], [15.5, 16.5]], "inner_edges": [[[18.0, 11.666666666666668], [16.0, 2.5]], [[18.0, 8.333333333333334], [10.666666666666668, 0.0]], [[18.0, 8.333333333333334], [14, 0]], [[16.0, 2.5], [7.333333333333334, 0.0]], [[10.666666666666668, 0.0], [16.0, 2.5]], [[7.333333333333334, 0.0], [0, 15]], [[15.5, 16.5], [18.0, 8.333333333333334]], [[15.5, 16.5], [4, 0]], [[15.5, 16.5], [16.0, 2.5]], [[15.5, 16.5], [10.666666666666668, 0.0]]]}