{"shape": "quadrilateral", "num_sides": 4, "num_lines": 8, "num_points": 6, "num_sides_with_points": 1, "num_points_on_sides": [2], "vertices": [[3, 17], [10, 20], [20, 17], [17, 0]], "bound_edges": [[[17, 0], [3, 17]], [[3, 17], [10, 20]], [[10, 20], [20, 17]], [[20, 17], [17, 0]]], "points_on_edge": [[12.333333333333334, 5.666666666666666], [7.666666666666668, 11.333333333333332]], "inner_edges": [[[12.333333333333334, 5.666666666666666], [10, 20]], [[12.333333333333334, 5.666666666666666], [20, 17]], [[7.666666666666668, 11.333333333333332], [10, 20]], [[7.666666666666668, 11.333333333333332], [20, 17]]]}