{"shape": "pentagon", "num_sides": 5, "num_lines": 8, "num_points": 7, "num_sides_with_points": 1, "num_points_on_sides": [2], "vertices": [[3, 17], [19, 18], [20, 4], [16, 1], [5, 0]], "bound_edges": [[[5, 0], [3, 17]], [[3, 17], [19, 18]], [[19, 18], [20, 4]], [[20, 4], [16, 1]], [[16, 1], [5, 0]]], "points_on_edge": [[8.333333333333332, 17.333333333333332], [13.666666666666666, 17.666666666666668]], "inner_edges": [[[8.333333333333332, 17.333333333333332], [20, 4]], [[8.333333333333332, 17.333333333333332], [5, 0]], [[13.666666666666666, 17.666666666666668], [16, 1]]]}