{"shape": "triangle", "num_sides": 3, "num_lines": 20, "num_points": 9, "num_sides_with_points": 3, "num_points_on_sides": [2, 2, 2], "vertices": [[3, 20], [20, 19], [16, 3]], "bound_edges": [[[16, 3], [3, 20]], [[3, 20], [20, 19]], [[20, 19], [16, 3]]], "points_on_edge": [[11.666666666666668, 8.666666666666666], [7.333333333333334, 14.333333333333332], [8.666666666666666, 19.666666666666668], [14.333333333333332, 19.333333333333332], [18.666666666666668, 13.666666666666668], [17.333333333333332, 8.333333333333334]], "inner_edges": [[[11.666666666666668, 8.666666666666666], [17.333333333333332, 8.333333333333334]], [[11.666666666666668, 8.666666666666666], [8.666666666666666, 19.666666666666668]], [[11.666666666666668, 8.666666666666666], [20, 19]], [[11.666666666666668, 8.666666666666666], [14.333333333333332, 19.333333333333332]], [[11.666666666666668, 8.666666666666666], [18.666666666666668, 13.666666666666668]], [[7.333333333333334, 14.333333333333332], [20, 19]], [[7.333333333333334, 14.333333333333332], [17.333333333333332, 8.333333333333334]], [[7.333333333333334, 14.333333333333332], [8.666666666666666, 19.666666666666668]], [[7.333333333333334, 14.333333333333332], [14.333333333333332, 19.333333333333332]], [[8.666666666666666, 19.666666666666668], [16, 3]], [[8.666666666666666, 19.666666666666668], [17.333333333333332, 8.333333333333334]], [[8.666666666666666, 19.666666666666668], [18.666666666666668, 13.666666666666668]], [[14.333333333333332, 19.333333333333332], [17.333333333333332, 8.333333333333334]], [[14.333333333333332, 19.333333333333332], [16, 3]], [[14.333333333333332, 19.333333333333332], [18.666666666666668, 13.666666666666668]], [[18.666666666666668, 13.666666666666668], [3, 20]], [[17.333333333333332, 8.333333333333334], [3, 20]]]}