{"shape": "hexagon", "num_sides": 6, "num_lines": 15, "num_points": 15, "num_sides_with_points": 5, "num_points_on_sides": [2, 1, 2, 2, 2], "vertices": [[0, 15], [8, 20], [16, 20], [20, 15], [20, 2], [6, 0]], "bound_edges": [[[6, 0], [0, 15]], [[0, 15], [8, 20]], [[8, 20], [16, 20]], [[16, 20], [20, 15]], [[20, 15], [20, 2]], [[20, 2], [6, 0]]], "points_on_edge": [[15.333333333333334, 1.3333333333333335], [10.666666666666668, 0.6666666666666667], [12.0, 20.0], [20.0, 10.666666666666668], [20.0, 6.333333333333334], [17.333333333333332, 18.333333333333332], [18.666666666666668, 16.666666666666668], [2.6666666666666665, 16.666666666666668], [5.333333333333333, 18.333333333333332]], "inner_edges": [[[15.333333333333334, 1.3333333333333335], [12.0, 20.0]], [[10.666666666666668, 0.6666666666666667], [0, 15]], [[12.0, 20.0], [6, 0]], [[20.0, 10.666666666666668], [15.333333333333334, 1.3333333333333335]], [[20.0, 6.333333333333334], [2.6666666666666665, 16.666666666666668]], [[17.333333333333332, 18.333333333333332], [20.0, 6.333333333333334]], [[18.666666666666668, 16.666666666666668], [5.333333333333333, 18.333333333333332]], [[2.6666666666666665, 16.666666666666668], [18.666666666666668, 16.666666666666668]], [[5.333333333333333, 18.333333333333332], [20.0, 10.666666666666668]]]}