{"shape": "quadrilateral", "num_sides": 4, "num_lines": 9, "num_points": 9, "num_sides_with_points": 4, "num_points_on_sides": [1, 2, 1, 1], "vertices": [[0, 20], [18, 19], [18, 0], [1, 0]], "bound_edges": [[[1, 0], [0, 20]], [[0, 20], [18, 19]], [[18, 19], [18, 0]], [[18, 0], [1, 0]]], "points_on_edge": [[9.5, 0.0], [6.0, 19.666666666666668], [12.0, 19.333333333333332], [18.0, 9.5], [0.5, 10.0]], "inner_edges": [[[9.5, 0.0], [18.0, 9.5]], [[6.0, 19.666666666666668], [1, 0]], [[12.0, 19.333333333333332], [0.5, 10.0]], [[18.0, 9.5], [0, 20]], [[0.5, 10.0], [6.0, 19.666666666666668]]]}