{"shape": "quadrilateral", "num_sides": 4, "num_lines": 8, "num_points": 6, "num_sides_with_points": 1, "num_points_on_sides": [2], "vertices": [[0, 20], [20, 19], [20, 8], [7, 0]], "bound_edges": [[[7, 0], [0, 20]], [[0, 20], [20, 19]], [[20, 19], [20, 8]], [[20, 8], [7, 0]]], "points_on_edge": [[6.666666666666666, 19.666666666666668], [13.333333333333332, 19.333333333333332]], "inner_edges": [[[6.666666666666666, 19.666666666666668], [7, 0]], [[6.666666666666666, 19.666666666666668], [20, 8]], [[13.333333333333332, 19.333333333333332], [7, 0]], [[13.333333333333332, 19.333333333333332], [20, 8]]]}