{"shape": "quadrilateral", "num_sides": 4, "num_lines": 27, "num_points": 11, "num_sides_with_points": 4, "num_points_on_sides": [1, 2, 2, 2], "vertices": [[1, 20], [14, 20], [19, 9], [15, 5]], "bound_edges": [[[15, 5], [1, 20]], [[1, 20], [14, 20]], [[14, 20], [19, 9]], [[19, 9], [15, 5]]], "points_on_edge": [[16.5, 14.5], [10.333333333333334, 10.0], [5.666666666666668, 15.0], [5.333333333333333, 20.0], [9.666666666666666, 20.0], [17.666666666666668, 7.666666666666667], [16.333333333333332, 6.333333333333334]], "inner_edges": [[[16.5, 14.5], [9.666666666666666, 20.0]], [[16.5, 14.5], [1, 20]], [[16.5, 14.5], [10.333333333333334, 10.0]], [[10.333333333333334, 10.0], [5.333333333333333, 20.0]], [[10.333333333333334, 10.0], [16.333333333333332, 6.333333333333334]], [[10.333333333333334, 10.0], [19, 9]], [[10.333333333333334, 10.0], [17.666666666666668, 7.666666666666667]], [[5.666666666666668, 15.0], [17.666666666666668, 7.666666666666667]], [[5.666666666666668, 15.0], [16.5, 14.5]], [[5.666666666666668, 15.0], [16.333333333333332, 6.333333333333334]], [[5.666666666666668, 15.0], [14, 20]], [[5.333333333333333, 20.0], [16.333333333333332, 6.333333333333334]], [[5.333333333333333, 20.0], [19, 9]], [[9.666666666666666, 20.0], [17.666666666666668, 7.666666666666667]], [[9.666666666666666, 20.0], [16.333333333333332, 6.333333333333334]], [[9.666666666666666, 20.0], [10.333333333333334, 10.0]], [[9.666666666666666, 20.0], [5.666666666666668, 15.0]], [[17.666666666666668, 7.666666666666667], [1, 20]], [[17.666666666666668, 7.666666666666667], [16.5, 14.5]], [[17.666666666666668, 7.666666666666667], [14, 20]], [[17.666666666666668, 7.666666666666667], [5.333333333333333, 20.0]], [[16.333333333333332, 6.333333333333334], [14, 20]], [[16.333333333333332, 6.333333333333334], [16.5, 14.5]]]}