{"shape": "triangle", "num_sides": 3, "num_lines": 11, "num_points": 7, "num_sides_with_points": 3, "num_points_on_sides": [2, 1, 1], "vertices": [[0, 19], [19, 19], [18, 0]], "bound_edges": [[[18, 0], [0, 19]], [[0, 19], [19, 19]], [[19, 19], [18, 0]]], "points_on_edge": [[18.666666666666668, 12.666666666666668], [18.333333333333332, 6.333333333333334], [9.0, 9.5], [9.5, 19.0]], "inner_edges": [[[18.666666666666668, 12.666666666666668], [9.5, 19.0]], [[18.666666666666668, 12.666666666666668], [9.0, 9.5]], [[18.333333333333332, 6.333333333333334], [0, 19]], [[18.333333333333332, 6.333333333333334], [9.5, 19.0]], [[18.333333333333332, 6.333333333333334], [9.0, 9.5]], [[9.0, 9.5], [19, 19]], [[9.0, 9.5], [9.5, 19.0]], [[9.5, 19.0], [18, 0]]]}