{"shape": "quadrilateral", "num_sides": 4, "num_lines": 14, "num_points": 10, "num_sides_with_points": 4, "num_points_on_sides": [2, 1, 2, 1], "vertices": [[2, 12], [19, 19], [20, 2], [6, 0]], "bound_edges": [[[6, 0], [2, 12]], [[2, 12], [19, 19]], [[19, 19], [20, 2]], [[20, 2], [6, 0]]], "points_on_edge": [[19.333333333333332, 13.333333333333334], [19.666666666666668, 7.666666666666668], [13.0, 1.0], [7.666666666666666, 14.333333333333332], [13.333333333333332, 16.666666666666664], [4.0, 6.0]], "inner_edges": [[[19.333333333333332, 13.333333333333334], [2, 12]], [[19.333333333333332, 13.333333333333334], [4.0, 6.0]], [[19.666666666666668, 7.666666666666668], [2, 12]], [[13.0, 1.0], [19.666666666666668, 7.666666666666668]], [[13.0, 1.0], [7.666666666666666, 14.333333333333332]], [[7.666666666666666, 14.333333333333332], [19.666666666666668, 7.666666666666668]], [[13.333333333333332, 16.666666666666664], [6, 0]], [[13.333333333333332, 16.666666666666664], [19.333333333333332, 13.333333333333334]], [[4.0, 6.0], [19.666666666666668, 7.666666666666668]], [[4.0, 6.0], [7.666666666666666, 14.333333333333332]]]}