{"shape": "hexagon", "num_sides": 6, "num_lines": 10, "num_points": 9, "num_sides_with_points": 2, "num_points_on_sides": [2, 1], "vertices": [[1, 10], [8, 17], [18, 18], [20, 9], [17, 4], [6, 1]], "bound_edges": [[[6, 1], [1, 10]], [[1, 10], [8, 17]], [[8, 17], [18, 18]], [[18, 18], [20, 9]], [[20, 9], [17, 4]], [[17, 4], [6, 1]]], "points_on_edge": [[3.333333333333333, 12.333333333333332], [5.666666666666666, 14.666666666666666], [3.5, 5.5]], "inner_edges": [[[3.333333333333333, 12.333333333333332], [17, 4]], [[5.666666666666666, 14.666666666666666], [20, 9]], [[3.5, 5.5], [20, 9]], [[3.5, 5.5], [17, 4]]]}