{"shape": "quadrilateral", "num_sides": 4, "num_lines": 15, "num_points": 9, "num_sides_with_points": 4, "num_points_on_sides": [1, 1, 1, 2], "vertices": [[0, 3], [1, 20], [18, 20], [20, 0]], "bound_edges": [[[20, 0], [0, 3]], [[0, 3], [1, 20]], [[1, 20], [18, 20]], [[18, 20], [20, 0]]], "points_on_edge": [[0.5, 11.5], [19.0, 10.0], [9.5, 20.0], [13.333333333333334, 1.0], [6.666666666666668, 2.0]], "inner_edges": [[[0.5, 11.5], [9.5, 20.0]], [[0.5, 11.5], [13.333333333333334, 1.0]], [[0.5, 11.5], [18, 20]], [[19.0, 10.0], [6.666666666666668, 2.0]], [[19.0, 10.0], [13.333333333333334, 1.0]], [[19.0, 10.0], [0, 3]], [[9.5, 20.0], [6.666666666666668, 2.0]], [[13.333333333333334, 1.0], [1, 20]], [[13.333333333333334, 1.0], [18, 20]], [[13.333333333333334, 1.0], [9.5, 20.0]], [[6.666666666666668, 2.0], [1, 20]]]}