{"shape": "quadrilateral", "num_sides": 4, "num_lines": 17, "num_points": 11, "num_sides_with_points": 4, "num_points_on_sides": [2, 1, 2, 2], "vertices": [[3, 16], [9, 20], [20, 20], [20, 2]], "bound_edges": [[[20, 2], [3, 16]], [[3, 16], [9, 20]], [[9, 20], [20, 20]], [[20, 20], [20, 2]]], "points_on_edge": [[20.0, 14.0], [20.0, 8.0], [11.5, 9.0], [5.0, 17.333333333333332], [7.0, 18.666666666666668], [12.666666666666666, 20.0], [16.333333333333332, 20.0]], "inner_edges": [[[20.0, 14.0], [12.666666666666666, 20.0]], [[20.0, 14.0], [7.0, 18.666666666666668]], [[20.0, 8.0], [12.666666666666666, 20.0]], [[20.0, 8.0], [11.5, 9.0]], [[20.0, 8.0], [9, 20]], [[11.5, 9.0], [12.666666666666666, 20.0]], [[5.0, 17.333333333333332], [11.5, 9.0]], [[5.0, 17.333333333333332], [16.333333333333332, 20.0]], [[7.0, 18.666666666666668], [11.5, 9.0]], [[7.0, 18.666666666666668], [20, 2]], [[7.0, 18.666666666666668], [12.666666666666666, 20.0]], [[12.666666666666666, 20.0], [20, 2]], [[16.333333333333332, 20.0], [20, 2]]]}