{"shape": "pentagon", "num_sides": 5, "num_lines": 8, "num_points": 8, "num_sides_with_points": 2, "num_points_on_sides": [1, 2], "vertices": [[0, 8], [1, 18], [20, 19], [18, 2], [7, 0]], "bound_edges": [[[7, 0], [0, 8]], [[0, 8], [1, 18]], [[1, 18], [20, 19]], [[20, 19], [18, 2]], [[18, 2], [7, 0]]], "points_on_edge": [[19.0, 10.5], [0.3333333333333333, 11.333333333333332], [0.6666666666666666, 14.666666666666666]], "inner_edges": [[[19.0, 10.5], [0.6666666666666666, 14.666666666666666]], [[0.3333333333333333, 11.333333333333332], [18, 2]], [[0.6666666666666666, 14.666666666666666], [7, 0]]]}