{"shape": "hexagon", "num_sides": 6, "num_lines": 21, "num_points": 11, "num_sides_with_points": 3, "num_points_on_sides": [2, 2, 1], "vertices": [[0, 5], [1, 13], [12, 18], [20, 12], [19, 7], [10, 3]], "bound_edges": [[[10, 3], [0, 5]], [[0, 5], [1, 13]], [[1, 13], [12, 18]], [[12, 18], [20, 12]], [[20, 12], [19, 7]], [[19, 7], [10, 3]]], "points_on_edge": [[6.666666666666667, 3.6666666666666665], [3.333333333333334, 4.333333333333333], [0.3333333333333333, 7.666666666666666], [0.6666666666666666, 10.333333333333332], [19.5, 9.5]], "inner_edges": [[[6.666666666666667, 3.6666666666666665], [19, 7]], [[6.666666666666667, 3.6666666666666665], [0.6666666666666666, 10.333333333333332]], [[6.666666666666667, 3.6666666666666665], [0.3333333333333333, 7.666666666666666]], [[3.333333333333334, 4.333333333333333], [1, 13]], [[3.333333333333334, 4.333333333333333], [0.3333333333333333, 7.666666666666666]], [[3.333333333333334, 4.333333333333333], [19, 7]], [[3.333333333333334, 4.333333333333333], [0.6666666666666666, 10.333333333333332]], [[0.3333333333333333, 7.666666666666666], [20, 12]], [[0.6666666666666666, 10.333333333333332], [19.5, 9.5]], [[0.6666666666666666, 10.333333333333332], [19, 7]], [[0.6666666666666666, 10.333333333333332], [10, 3]], [[19.5, 9.5], [12, 18]], [[19.5, 9.5], [10, 3]], [[19.5, 9.5], [6.666666666666667, 3.6666666666666665]], [[19.5, 9.5], [0, 5]]]}