{"shape": "pentagon", "num_sides": 5, "num_lines": 11, "num_points": 9, "num_sides_with_points": 3, "num_points_on_sides": [2, 1, 1], "vertices": [[1, 15], [6, 19], [20, 11], [19, 0], [5, 0]], "bound_edges": [[[5, 0], [1, 15]], [[1, 15], [6, 19]], [[6, 19], [20, 11]], [[20, 11], [19, 0]], [[19, 0], [5, 0]]], "points_on_edge": [[19.666666666666668, 7.333333333333334], [19.333333333333332, 3.666666666666667], [3.0, 7.5], [12.0, 0.0]], "inner_edges": [[[19.666666666666668, 7.333333333333334], [5, 0]], [[19.333333333333332, 3.666666666666667], [12.0, 0.0]], [[19.333333333333332, 3.666666666666667], [3.0, 7.5]], [[3.0, 7.5], [6, 19]], [[3.0, 7.5], [19.666666666666668, 7.333333333333334]], [[12.0, 0.0], [20, 11]]]}