{"shape": "hexagon", "num_sides": 6, "num_lines": 14, "num_points": 14, "num_sides_with_points": 5, "num_points_on_sides": [1, 2, 2, 1, 2], "vertices": [[0, 12], [1, 18], [13, 18], [15, 15], [15, 7], [6, 0]], "bound_edges": [[[6, 0], [0, 12]], [[0, 12], [1, 18]], [[1, 18], [13, 18]], [[13, 18], [15, 15]], [[15, 15], [15, 7]], [[15, 7], [6, 0]]], "points_on_edge": [[14.0, 16.5], [0.3333333333333333, 14.0], [0.6666666666666666, 16.0], [4.0, 4.0], [2.0, 8.0], [10.5, 3.5], [5.0, 18.0], [9.0, 18.0]], "inner_edges": [[[14.0, 16.5], [2.0, 8.0]], [[0.3333333333333333, 14.0], [9.0, 18.0]], [[0.6666666666666666, 16.0], [10.5, 3.5]], [[4.0, 4.0], [0.6666666666666666, 16.0]], [[2.0, 8.0], [9.0, 18.0]], [[10.5, 3.5], [0.3333333333333333, 14.0]], [[5.0, 18.0], [6, 0]], [[9.0, 18.0], [10.5, 3.5]]]}