{"shape": "pentagon", "num_sides": 5, "num_lines": 11, "num_points": 7, "num_sides_with_points": 1, "num_points_on_sides": [2], "vertices": [[0, 17], [10, 18], [18, 12], [20, 1], [7, 0]], "bound_edges": [[[7, 0], [0, 17]], [[0, 17], [10, 18]], [[10, 18], [18, 12]], [[18, 12], [20, 1]], [[20, 1], [7, 0]]], "points_on_edge": [[3.333333333333333, 17.333333333333332], [6.666666666666666, 17.666666666666668]], "inner_edges": [[[3.333333333333333, 17.333333333333332], [18, 12]], [[3.333333333333333, 17.333333333333332], [7, 0]], [[3.333333333333333, 17.333333333333332], [20, 1]], [[6.666666666666666, 17.666666666666668], [18, 12]], [[6.666666666666666, 17.666666666666668], [20, 1]], [[6.666666666666666, 17.666666666666668], [7, 0]]]}