{"shape": "quadrilateral", "num_sides": 4, "num_lines": 20, "num_points": 10, "num_sides_with_points": 3, "num_points_on_sides": [2, 2, 2], "vertices": [[0, 13], [15, 18], [20, 15], [17, 1]], "bound_edges": [[[17, 1], [0, 13]], [[0, 13], [15, 18]], [[15, 18], [20, 15]], [[20, 15], [17, 1]]], "points_on_edge": [[19.0, 10.333333333333334], [18.0, 5.666666666666668], [11.333333333333334, 5.0], [5.666666666666668, 9.0], [5.0, 14.666666666666666], [10.0, 16.333333333333332]], "inner_edges": [[[19.0, 10.333333333333334], [15, 18]], [[19.0, 10.333333333333334], [11.333333333333334, 5.0]], [[19.0, 10.333333333333334], [10.0, 16.333333333333332]], [[19.0, 10.333333333333334], [0, 13]], [[18.0, 5.666666666666668], [11.333333333333334, 5.0]], [[18.0, 5.666666666666668], [5.0, 14.666666666666666]], [[18.0, 5.666666666666668], [15, 18]], [[11.333333333333334, 5.0], [10.0, 16.333333333333332]], [[5.666666666666668, 9.0], [5.0, 14.666666666666666]], [[5.0, 14.666666666666666], [20, 15]], [[5.0, 14.666666666666666], [19.0, 10.333333333333334]], [[5.0, 14.666666666666666], [17, 1]], [[10.0, 16.333333333333332], [5.666666666666668, 9.0]], [[10.0, 16.333333333333332], [17, 1]], [[10.0, 16.333333333333332], [18.0, 5.666666666666668]], [[10.0, 16.333333333333332], [20, 15]]]}