{"shape": "pentagon", "num_sides": 5, "num_lines": 11, "num_points": 9, "num_sides_with_points": 3, "num_points_on_sides": [2, 1, 1], "vertices": [[1, 20], [15, 20], [20, 15], [20, 2], [15, 0]], "bound_edges": [[[15, 0], [1, 20]], [[1, 20], [15, 20]], [[15, 20], [20, 15]], [[20, 15], [20, 2]], [[20, 2], [15, 0]]], "points_on_edge": [[20.0, 10.666666666666668], [20.0, 6.333333333333334], [8.0, 20.0], [17.5, 17.5]], "inner_edges": [[[20.0, 10.666666666666668], [15, 20]], [[20.0, 6.333333333333334], [15, 0]], [[20.0, 6.333333333333334], [15, 20]], [[8.0, 20.0], [20.0, 10.666666666666668]], [[8.0, 20.0], [15, 0]], [[17.5, 17.5], [20.0, 6.333333333333334]]]}