{"shape": "pentagon", "num_sides": 5, "num_lines": 11, "num_points": 8, "num_sides_with_points": 2, "num_points_on_sides": [1, 2], "vertices": [[0, 14], [5, 20], [17, 19], [20, 10], [17, 1]], "bound_edges": [[[17, 1], [0, 14]], [[0, 14], [5, 20]], [[5, 20], [17, 19]], [[17, 19], [20, 10]], [[20, 10], [17, 1]]], "points_on_edge": [[18.5, 5.5], [9.0, 19.666666666666668], [13.0, 19.333333333333332]], "inner_edges": [[[18.5, 5.5], [0, 14]], [[9.0, 19.666666666666668], [18.5, 5.5]], [[9.0, 19.666666666666668], [17, 1]], [[9.0, 19.666666666666668], [20, 10]], [[13.0, 19.333333333333332], [17, 1]], [[13.0, 19.333333333333332], [0, 14]]]}