{"shape": "hexagon", "num_sides": 6, "num_lines": 15, "num_points": 13, "num_sides_with_points": 5, "num_points_on_sides": [1, 1, 2, 2, 1], "vertices": [[0, 15], [4, 18], [17, 19], [20, 16], [17, 3], [8, 0]], "bound_edges": [[[8, 0], [0, 15]], [[0, 15], [4, 18]], [[4, 18], [17, 19]], [[17, 19], [20, 16]], [[20, 16], [17, 3]], [[17, 3], [8, 0]]], "points_on_edge": [[2.0, 16.5], [18.5, 9.5], [14.0, 2.0], [11.0, 1.0], [8.333333333333332, 18.333333333333332], [12.666666666666666, 18.666666666666668], [18.5, 17.5]], "inner_edges": [[[2.0, 16.5], [14.0, 2.0]], [[18.5, 9.5], [18.5, 17.5]], [[14.0, 2.0], [20, 16]], [[14.0, 2.0], [18.5, 17.5]], [[11.0, 1.0], [20, 16]], [[8.333333333333332, 18.333333333333332], [0, 15]], [[12.666666666666666, 18.666666666666668], [20, 16]], [[18.5, 17.5], [0, 15]], [[18.5, 17.5], [12.666666666666666, 18.666666666666668]]]}