{"shape": "pentagon", "num_sides": 5, "num_lines": 12, "num_points": 9, "num_sides_with_points": 3, "num_points_on_sides": [1, 1, 2], "vertices": [[1, 9], [3, 20], [18, 17], [20, 11], [13, 5]], "bound_edges": [[[13, 5], [1, 9]], [[1, 9], [3, 20]], [[3, 20], [18, 17]], [[18, 17], [20, 11]], [[20, 11], [13, 5]]], "points_on_edge": [[16.5, 8.0], [19.0, 14.0], [9.0, 6.333333333333333], [5.0, 7.666666666666666]], "inner_edges": [[[16.5, 8.0], [1, 9]], [[16.5, 8.0], [5.0, 7.666666666666666]], [[19.0, 14.0], [13, 5]], [[19.0, 14.0], [9.0, 6.333333333333333]], [[9.0, 6.333333333333333], [16.5, 8.0]], [[9.0, 6.333333333333333], [3, 20]], [[5.0, 7.666666666666666], [18, 17]]]}