{"shape": "hexagon", "num_sides": 6, "num_lines": 22, "num_points": 13, "num_sides_with_points": 4, "num_points_on_sides": [2, 2, 1, 2], "vertices": [[1, 13], [2, 18], [11, 18], [19, 11], [19, 4], [7, 1]], "bound_edges": [[[7, 1], [1, 13]], [[1, 13], [2, 18]], [[2, 18], [11, 18]], [[11, 18], [19, 11]], [[19, 11], [19, 4]], [[19, 4], [7, 1]]], "points_on_edge": [[19.0, 8.666666666666668], [19.0, 6.333333333333334], [1.3333333333333333, 14.666666666666666], [1.6666666666666665, 16.333333333333332], [15.0, 14.5], [5.0, 18.0], [8.0, 18.0]], "inner_edges": [[[19.0, 8.666666666666668], [8.0, 18.0]], [[19.0, 6.333333333333334], [7, 1]], [[19.0, 6.333333333333334], [8.0, 18.0]], [[1.3333333333333333, 14.666666666666666], [8.0, 18.0]], [[1.3333333333333333, 14.666666666666666], [15.0, 14.5]], [[1.3333333333333333, 14.666666666666666], [7, 1]], [[1.3333333333333333, 14.666666666666666], [19.0, 8.666666666666668]], [[1.6666666666666665, 16.333333333333332], [19.0, 6.333333333333334]], [[1.6666666666666665, 16.333333333333332], [19, 4]], [[1.6666666666666665, 16.333333333333332], [7, 1]], [[1.6666666666666665, 16.333333333333332], [19, 11]], [[15.0, 14.5], [1.6666666666666665, 16.333333333333332]], [[15.0, 14.5], [5.0, 18.0]], [[5.0, 18.0], [19, 11]], [[8.0, 18.0], [19, 11]], [[8.0, 18.0], [1.6666666666666665, 16.333333333333332]]]}