{"shape": "pentagon", "num_sides": 5, "num_lines": 16, "num_points": 12, "num_sides_with_points": 4, "num_points_on_sides": [2, 2, 2, 1], "vertices": [[1, 18], [16, 16], [20, 12], [17, 0], [4, 0]], "bound_edges": [[[4, 0], [1, 18]], [[1, 18], [16, 16]], [[16, 16], [20, 12]], [[20, 12], [17, 0]], [[17, 0], [4, 0]]], "points_on_edge": [[12.666666666666668, 0.0], [8.333333333333334, 0.0], [6.0, 17.333333333333332], [11.0, 16.666666666666668], [3.0, 6.0], [2.0, 12.0], [18.5, 6.0]], "inner_edges": [[[12.666666666666668, 0.0], [6.0, 17.333333333333332]], [[8.333333333333334, 0.0], [18.5, 6.0]], [[8.333333333333334, 0.0], [11.0, 16.666666666666668]], [[6.0, 17.333333333333332], [4, 0]], [[6.0, 17.333333333333332], [2.0, 12.0]], [[11.0, 16.666666666666668], [12.666666666666668, 0.0]], [[11.0, 16.666666666666668], [18.5, 6.0]], [[3.0, 6.0], [6.0, 17.333333333333332]], [[2.0, 12.0], [20, 12]], [[2.0, 12.0], [12.666666666666668, 0.0]], [[18.5, 6.0], [1, 18]]]}