{"shape": "quadrilateral", "num_sides": 4, "num_lines": 26, "num_points": 12, "num_sides_with_points": 4, "num_points_on_sides": [2, 2, 2, 2], "vertices": [[4, 20], [20, 16], [18, 1], [1, 0]], "bound_edges": [[[1, 0], [4, 20]], [[4, 20], [20, 16]], [[20, 16], [18, 1]], [[18, 1], [1, 0]]], "points_on_edge": [[12.333333333333334, 0.6666666666666667], [6.666666666666668, 0.33333333333333337], [2.0, 6.666666666666666], [3.0, 13.333333333333332], [9.333333333333332, 18.666666666666668], [14.666666666666666, 17.333333333333332], [19.333333333333332, 11.0], [18.666666666666668, 6.0]], "inner_edges": [[[12.333333333333334, 0.6666666666666667], [2.0, 6.666666666666666]], [[12.333333333333334, 0.6666666666666667], [18.666666666666668, 6.0]], [[12.333333333333334, 0.6666666666666667], [3.0, 13.333333333333332]], [[12.333333333333334, 0.6666666666666667], [20, 16]], [[6.666666666666668, 0.33333333333333337], [3.0, 13.333333333333332]], [[2.0, 6.666666666666666], [18, 1]], [[2.0, 6.666666666666666], [19.333333333333332, 11.0]], [[2.0, 6.666666666666666], [9.333333333333332, 18.666666666666668]], [[3.0, 13.333333333333332], [19.333333333333332, 11.0]], [[3.0, 13.333333333333332], [9.333333333333332, 18.666666666666668]], [[3.0, 13.333333333333332], [20, 16]], [[3.0, 13.333333333333332], [14.666666666666666, 17.333333333333332]], [[9.333333333333332, 18.666666666666668], [12.333333333333334, 0.6666666666666667]], [[9.333333333333332, 18.666666666666668], [1, 0]], [[14.666666666666666, 17.333333333333332], [12.333333333333334, 0.6666666666666667]], [[14.666666666666666, 17.333333333333332], [1, 0]], [[14.666666666666666, 17.333333333333332], [6.666666666666668, 0.33333333333333337]], [[14.666666666666666, 17.333333333333332], [19.333333333333332, 11.0]], [[19.333333333333332, 11.0], [9.333333333333332, 18.666666666666668]], [[18.666666666666668, 6.0], [6.666666666666668, 0.33333333333333337]], [[18.666666666666668, 6.0], [1, 0]], [[18.666666666666668, 6.0], [4, 20]]]}