{"shape": "hexagon", "num_sides": 6, "num_lines": 13, "num_points": 11, "num_sides_with_points": 3, "num_points_on_sides": [2, 2, 1], "vertices": [[0, 9], [4, 20], [19, 20], [16, 8], [7, 0], [3, 0]], "bound_edges": [[[3, 0], [0, 9]], [[0, 9], [4, 20]], [[4, 20], [19, 20]], [[19, 20], [16, 8]], [[16, 8], [7, 0]], [[7, 0], [3, 0]]], "points_on_edge": [[18.0, 16.0], [17.0, 12.0], [13.0, 5.333333333333334], [10.0, 2.666666666666667], [2.0, 14.5]], "inner_edges": [[[18.0, 16.0], [13.0, 5.333333333333334]], [[18.0, 16.0], [7, 0]], [[18.0, 16.0], [4, 20]], [[17.0, 12.0], [7, 0]], [[13.0, 5.333333333333334], [19, 20]], [[10.0, 2.666666666666667], [0, 9]], [[2.0, 14.5], [18.0, 16.0]]]}