{"shape": "hexagon", "num_sides": 6, "num_lines": 14, "num_points": 10, "num_sides_with_points": 2, "num_points_on_sides": [2, 2], "vertices": [[0, 9], [1, 20], [11, 19], [17, 14], [20, 5], [7, 1]], "bound_edges": [[[7, 1], [0, 9]], [[0, 9], [1, 20]], [[1, 20], [11, 19]], [[11, 19], [17, 14]], [[17, 14], [20, 5]], [[20, 5], [7, 1]]], "points_on_edge": [[0.3333333333333333, 12.666666666666666], [0.6666666666666666, 16.333333333333332], [4.666666666666667, 3.6666666666666665], [2.333333333333334, 6.333333333333333]], "inner_edges": [[[0.3333333333333333, 12.666666666666666], [7, 1]], [[0.6666666666666666, 16.333333333333332], [4.666666666666667, 3.6666666666666665]], [[0.6666666666666666, 16.333333333333332], [2.333333333333334, 6.333333333333333]], [[4.666666666666667, 3.6666666666666665], [11, 19]], [[4.666666666666667, 3.6666666666666665], [1, 20]], [[4.666666666666667, 3.6666666666666665], [17, 14]], [[2.333333333333334, 6.333333333333333], [20, 5]], [[2.333333333333334, 6.333333333333333], [0.3333333333333333, 12.666666666666666]]]}