{"shape": "pentagon", "num_sides": 5, "num_lines": 26, "num_points": 11, "num_sides_with_points": 4, "num_points_on_sides": [1, 2, 1, 2], "vertices": [[2, 18], [17, 20], [20, 16], [20, 1], [7, 0]], "bound_edges": [[[7, 0], [2, 18]], [[2, 18], [17, 20]], [[17, 20], [20, 16]], [[20, 16], [20, 1]], [[20, 1], [7, 0]]], "points_on_edge": [[18.5, 18.0], [7.0, 18.666666666666668], [12.0, 19.333333333333332], [4.5, 9.0], [20.0, 11.0], [20.0, 6.0]], "inner_edges": [[[18.5, 18.0], [2, 18]], [[18.5, 18.0], [4.5, 9.0]], [[18.5, 18.0], [20, 1]], [[18.5, 18.0], [20.0, 6.0]], [[7.0, 18.666666666666668], [4.5, 9.0]], [[7.0, 18.666666666666668], [20, 1]], [[7.0, 18.666666666666668], [18.5, 18.0]], [[7.0, 18.666666666666668], [7, 0]], [[7.0, 18.666666666666668], [20.0, 6.0]], [[12.0, 19.333333333333332], [4.5, 9.0]], [[4.5, 9.0], [20, 1]], [[4.5, 9.0], [20.0, 6.0]], [[4.5, 9.0], [20.0, 11.0]], [[4.5, 9.0], [17, 20]], [[4.5, 9.0], [20, 16]], [[20.0, 11.0], [7, 0]], [[20.0, 11.0], [18.5, 18.0]], [[20.0, 6.0], [7, 0]], [[20.0, 6.0], [12.0, 19.333333333333332]], [[20.0, 6.0], [2, 18]], [[20.0, 6.0], [17, 20]]]}