{"shape": "pentagon", "num_sides": 5, "num_lines": 11, "num_points": 8, "num_sides_with_points": 2, "num_points_on_sides": [2, 1], "vertices": [[0, 8], [8, 20], [20, 17], [18, 0], [3, 0]], "bound_edges": [[[3, 0], [0, 8]], [[0, 8], [8, 20]], [[8, 20], [20, 17]], [[20, 17], [18, 0]], [[18, 0], [3, 0]]], "points_on_edge": [[19.333333333333332, 11.333333333333334], [18.666666666666668, 5.666666666666668], [1.5, 4.0]], "inner_edges": [[[19.333333333333332, 11.333333333333334], [0, 8]], [[18.666666666666668, 5.666666666666668], [3, 0]], [[18.666666666666668, 5.666666666666668], [8, 20]], [[18.666666666666668, 5.666666666666668], [1.5, 4.0]], [[18.666666666666668, 5.666666666666668], [0, 8]], [[1.5, 4.0], [8, 20]]]}