{"shape": "pentagon", "num_sides": 5, "num_lines": 21, "num_points": 12, "num_sides_with_points": 5, "num_points_on_sides": [1, 1, 2, 2, 1], "vertices": [[0, 16], [17, 20], [20, 17], [20, 0], [5, 0]], "bound_edges": [[[5, 0], [0, 16]], [[0, 16], [17, 20]], [[17, 20], [20, 17]], [[20, 17], [20, 0]], [[20, 0], [5, 0]]], "points_on_edge": [[12.5, 0.0], [20.0, 8.5], [3.3333333333333335, 5.333333333333333], [1.666666666666667, 10.666666666666666], [5.666666666666666, 17.333333333333332], [11.333333333333332, 18.666666666666668], [18.5, 18.5]], "inner_edges": [[[12.5, 0.0], [0, 16]], [[12.5, 0.0], [20, 17]], [[12.5, 0.0], [5.666666666666666, 17.333333333333332]], [[12.5, 0.0], [20.0, 8.5]], [[20.0, 8.5], [5, 0]], [[3.3333333333333335, 5.333333333333333], [5.666666666666666, 17.333333333333332]], [[3.3333333333333335, 5.333333333333333], [11.333333333333332, 18.666666666666668]], [[1.666666666666667, 10.666666666666666], [11.333333333333332, 18.666666666666668]], [[1.666666666666667, 10.666666666666666], [17, 20]], [[5.666666666666666, 17.333333333333332], [20.0, 8.5]], [[5.666666666666666, 17.333333333333332], [18.5, 18.5]], [[11.333333333333332, 18.666666666666668], [20, 0]], [[18.5, 18.5], [20, 0]], [[18.5, 18.5], [0, 16]], [[18.5, 18.5], [20.0, 8.5]], [[18.5, 18.5], [1.666666666666667, 10.666666666666666]]]}