{"shape": "pentagon", "num_sides": 5, "num_lines": 16, "num_points": 11, "num_sides_with_points": 3, "num_points_on_sides": [2, 2, 2], "vertices": [[0, 14], [5, 20], [20, 20], [20, 2], [13, 1]], "bound_edges": [[[13, 1], [0, 14]], [[0, 14], [5, 20]], [[5, 20], [20, 20]], [[20, 20], [20, 2]], [[20, 2], [13, 1]]], "points_on_edge": [[10.0, 20.0], [15.0, 20.0], [17.666666666666668, 1.6666666666666667], [15.333333333333334, 1.3333333333333335], [1.6666666666666665, 16.0], [3.333333333333333, 18.0]], "inner_edges": [[[10.0, 20.0], [20, 2]], [[10.0, 20.0], [1.6666666666666665, 16.0]], [[15.0, 20.0], [13, 1]], [[15.0, 20.0], [0, 14]], [[17.666666666666668, 1.6666666666666667], [5, 20]], [[15.333333333333334, 1.3333333333333335], [10.0, 20.0]], [[15.333333333333334, 1.3333333333333335], [1.6666666666666665, 16.0]], [[1.6666666666666665, 16.0], [15.0, 20.0]], [[1.6666666666666665, 16.0], [17.666666666666668, 1.6666666666666667]], [[3.333333333333333, 18.0], [15.333333333333334, 1.3333333333333335]], [[3.333333333333333, 18.0], [10.0, 20.0]]]}