{"shape": "pentagon", "num_sides": 5, "num_lines": 15, "num_points": 10, "num_sides_with_points": 4, "num_points_on_sides": [1, 2, 1, 1], "vertices": [[0, 16], [4, 19], [18, 19], [18, 0], [2, 0]], "bound_edges": [[[2, 0], [0, 16]], [[0, 16], [4, 19]], [[4, 19], [18, 19]], [[18, 19], [18, 0]], [[18, 0], [2, 0]]], "points_on_edge": [[1.0, 8.0], [18.0, 12.666666666666668], [18.0, 6.333333333333334], [10.0, 0.0], [11.0, 19.0]], "inner_edges": [[[1.0, 8.0], [18.0, 6.333333333333334]], [[1.0, 8.0], [18, 19]], [[18.0, 12.666666666666668], [4, 19]], [[18.0, 6.333333333333334], [2, 0]], [[18.0, 6.333333333333334], [4, 19]], [[18.0, 6.333333333333334], [0, 16]], [[10.0, 0.0], [4, 19]], [[10.0, 0.0], [11.0, 19.0]], [[11.0, 19.0], [1.0, 8.0]], [[11.0, 19.0], [18.0, 6.333333333333334]]]}