{"shape": "other", "num_sides": 7, "num_lines": 26, "num_points": 14, "num_sides_with_points": 5, "num_points_on_sides": [1, 2, 2, 1, 1], "vertices": [[4, 14], [10, 18], [15, 18], [19, 15], [20, 4], [17, 0], [8, 0]], "bound_edges": [[[8, 0], [4, 14]], [[4, 14], [10, 18]], [[10, 18], [15, 18]], [[15, 18], [19, 15]], [[19, 15], [20, 4]], [[20, 4], [17, 0]], [[17, 0], [8, 0]]], "points_on_edge": [[18.5, 2.0], [6.0, 15.333333333333334], [8.0, 16.666666666666668], [16.333333333333332, 17.0], [17.666666666666668, 16.0], [12.5, 0.0], [19.5, 9.5]], "inner_edges": [[[18.5, 2.0], [6.0, 15.333333333333334]], [[18.5, 2.0], [19.5, 9.5]], [[18.5, 2.0], [17.666666666666668, 16.0]], [[6.0, 15.333333333333334], [20, 4]], [[6.0, 15.333333333333334], [12.5, 0.0]], [[8.0, 16.666666666666668], [17, 0]], [[8.0, 16.666666666666668], [15, 18]], [[8.0, 16.666666666666668], [19, 15]], [[16.333333333333332, 17.0], [10, 18]], [[16.333333333333332, 17.0], [4, 14]], [[16.333333333333332, 17.0], [20, 4]], [[17.666666666666668, 16.0], [10, 18]], [[12.5, 0.0], [10, 18]], [[12.5, 0.0], [19, 15]], [[12.5, 0.0], [16.333333333333332, 17.0]], [[19.5, 9.5], [8.0, 16.666666666666668]], [[19.5, 9.5], [10, 18]], [[19.5, 9.5], [15, 18]], [[19.5, 9.5], [12.5, 0.0]]]}