{"shape": "hexagon", "num_sides": 6, "num_lines": 24, "num_points": 14, "num_sides_with_points": 5, "num_points_on_sides": [1, 2, 1, 2, 2], "vertices": [[1, 14], [2, 20], [12, 20], [18, 16], [18, 11], [13, 4]], "bound_edges": [[[13, 4], [1, 14]], [[1, 14], [2, 20]], [[2, 20], [12, 20]], [[12, 20], [18, 16]], [[18, 16], [18, 11]], [[18, 11], [13, 4]]], "points_on_edge": [[1.5, 17.0], [14.0, 18.666666666666668], [16.0, 17.333333333333332], [7.0, 9.0], [18.0, 14.333333333333334], [18.0, 12.666666666666668], [5.333333333333333, 20.0], [8.666666666666666, 20.0]], "inner_edges": [[[1.5, 17.0], [18.0, 14.333333333333334]], [[1.5, 17.0], [18, 16]], [[14.0, 18.666666666666668], [18.0, 14.333333333333334]], [[14.0, 18.666666666666668], [1, 14]], [[14.0, 18.666666666666668], [2, 20]], [[16.0, 17.333333333333332], [13, 4]], [[7.0, 9.0], [14.0, 18.666666666666668]], [[18.0, 14.333333333333334], [2, 20]], [[18.0, 14.333333333333334], [7.0, 9.0]], [[18.0, 14.333333333333334], [16.0, 17.333333333333332]], [[18.0, 12.666666666666668], [14.0, 18.666666666666668]], [[18.0, 12.666666666666668], [1, 14]], [[5.333333333333333, 20.0], [13, 4]], [[5.333333333333333, 20.0], [18, 16]], [[5.333333333333333, 20.0], [18.0, 12.666666666666668]], [[8.666666666666666, 20.0], [16.0, 17.333333333333332]], [[8.666666666666666, 20.0], [13, 4]], [[8.666666666666666, 20.0], [18.0, 12.666666666666668]]]}