{"shape": "quadrilateral", "num_sides": 4, "num_lines": 19, "num_points": 11, "num_sides_with_points": 4, "num_points_on_sides": [2, 1, 2, 2], "vertices": [[5, 20], [19, 20], [20, 2], [14, 1]], "bound_edges": [[[14, 1], [5, 20]], [[5, 20], [19, 20]], [[19, 20], [20, 2]], [[20, 2], [14, 1]]], "points_on_edge": [[11.0, 7.333333333333333], [8.0, 13.666666666666666], [17.0, 1.5], [19.333333333333332, 14.0], [19.666666666666668, 8.0], [9.666666666666666, 20.0], [14.333333333333332, 20.0]], "inner_edges": [[[11.0, 7.333333333333333], [20, 2]], [[11.0, 7.333333333333333], [9.666666666666666, 20.0]], [[8.0, 13.666666666666666], [9.666666666666666, 20.0]], [[17.0, 1.5], [19, 20]], [[17.0, 1.5], [19.666666666666668, 8.0]], [[17.0, 1.5], [19.333333333333332, 14.0]], [[19.333333333333332, 14.0], [11.0, 7.333333333333333]], [[19.333333333333332, 14.0], [14.333333333333332, 20.0]], [[19.666666666666668, 8.0], [9.666666666666666, 20.0]], [[19.666666666666668, 8.0], [5, 20]], [[9.666666666666666, 20.0], [14, 1]], [[9.666666666666666, 20.0], [19.333333333333332, 14.0]], [[14.333333333333332, 20.0], [8.0, 13.666666666666666]], [[14.333333333333332, 20.0], [20, 2]], [[14.333333333333332, 20.0], [17.0, 1.5]]]}