{"shape": "hexagon", "num_sides": 6, "num_lines": 9, "num_points": 9, "num_sides_with_points": 2, "num_points_on_sides": [1, 2], "vertices": [[1, 12], [3, 20], [15, 15], [19, 5], [16, 0], [6, 0]], "bound_edges": [[[6, 0], [1, 12]], [[1, 12], [3, 20]], [[3, 20], [15, 15]], [[15, 15], [19, 5]], [[19, 5], [16, 0]], [[16, 0], [6, 0]]], "points_on_edge": [[17.0, 10.0], [12.666666666666668, 0.0], [9.333333333333334, 0.0]], "inner_edges": [[[17.0, 10.0], [9.333333333333334, 0.0]], [[12.666666666666668, 0.0], [1, 12]], [[9.333333333333334, 0.0], [19, 5]]]}