{"shape": "triangle", "num_sides": 3, "num_lines": 15, "num_points": 8, "num_sides_with_points": 3, "num_points_on_sides": [2, 2, 1], "vertices": [[3, 20], [19, 17], [19, 1]], "bound_edges": [[[19, 1], [3, 20]], [[3, 20], [19, 17]], [[19, 17], [19, 1]]], "points_on_edge": [[13.666666666666668, 7.333333333333333], [8.333333333333334, 13.666666666666666], [19.0, 11.666666666666668], [19.0, 6.333333333333334], [11.0, 18.5]], "inner_edges": [[[13.666666666666668, 7.333333333333333], [19, 17]], [[13.666666666666668, 7.333333333333333], [19.0, 11.666666666666668]], [[8.333333333333334, 13.666666666666666], [19.0, 6.333333333333334]], [[8.333333333333334, 13.666666666666666], [19, 17]], [[8.333333333333334, 13.666666666666666], [11.0, 18.5]], [[8.333333333333334, 13.666666666666666], [19.0, 11.666666666666668]], [[19.0, 11.666666666666668], [11.0, 18.5]], [[19.0, 11.666666666666668], [3, 20]], [[19.0, 6.333333333333334], [13.666666666666668, 7.333333333333333]], [[19.0, 6.333333333333334], [11.0, 18.5]], [[11.0, 18.5], [13.666666666666668, 7.333333333333333]], [[11.0, 18.5], [19, 1]]]}