{"shape": "hexagon", "num_sides": 6, "num_lines": 11, "num_points": 10, "num_sides_with_points": 2, "num_points_on_sides": [2, 2], "vertices": [[1, 10], [3, 16], [10, 20], [19, 18], [20, 2], [6, 0]], "bound_edges": [[[6, 0], [1, 10]], [[1, 10], [3, 16]], [[3, 16], [10, 20]], [[10, 20], [19, 18]], [[19, 18], [20, 2]], [[20, 2], [6, 0]]], "points_on_edge": [[15.333333333333334, 1.3333333333333335], [10.666666666666668, 0.6666666666666667], [13.0, 19.333333333333332], [16.0, 18.666666666666668]], "inner_edges": [[[15.333333333333334, 1.3333333333333335], [3, 16]], [[10.666666666666668, 0.6666666666666667], [19, 18]], [[13.0, 19.333333333333332], [20, 2]], [[13.0, 19.333333333333332], [1, 10]], [[16.0, 18.666666666666668], [15.333333333333334, 1.3333333333333335]]]}