{"shape": "quadrilateral", "num_sides": 4, "num_lines": 27, "num_points": 11, "num_sides_with_points": 4, "num_points_on_sides": [1, 2, 2, 2], "vertices": [[0, 4], [4, 18], [19, 18], [17, 2]], "bound_edges": [[[17, 2], [0, 4]], [[0, 4], [4, 18]], [[4, 18], [19, 18]], [[19, 18], [17, 2]]], "points_on_edge": [[2.0, 11.0], [18.333333333333332, 12.666666666666668], [17.666666666666668, 7.333333333333334], [11.333333333333334, 2.6666666666666665], [5.666666666666668, 3.333333333333333], [9.0, 18.0], [14.0, 18.0]], "inner_edges": [[[2.0, 11.0], [9.0, 18.0]], [[2.0, 11.0], [14.0, 18.0]], [[18.333333333333332, 12.666666666666668], [4, 18]], [[18.333333333333332, 12.666666666666668], [9.0, 18.0]], [[18.333333333333332, 12.666666666666668], [5.666666666666668, 3.333333333333333]], [[18.333333333333332, 12.666666666666668], [0, 4]], [[17.666666666666668, 7.333333333333334], [2.0, 11.0]], [[17.666666666666668, 7.333333333333334], [11.333333333333334, 2.6666666666666665]], [[17.666666666666668, 7.333333333333334], [5.666666666666668, 3.333333333333333]], [[17.666666666666668, 7.333333333333334], [9.0, 18.0]], [[11.333333333333334, 2.6666666666666665], [19, 18]], [[11.333333333333334, 2.6666666666666665], [4, 18]], [[11.333333333333334, 2.6666666666666665], [18.333333333333332, 12.666666666666668]], [[11.333333333333334, 2.6666666666666665], [14.0, 18.0]], [[5.666666666666668, 3.333333333333333], [4, 18]], [[5.666666666666668, 3.333333333333333], [19, 18]], [[5.666666666666668, 3.333333333333333], [14.0, 18.0]], [[5.666666666666668, 3.333333333333333], [9.0, 18.0]], [[9.0, 18.0], [11.333333333333334, 2.6666666666666665]], [[14.0, 18.0], [18.333333333333332, 12.666666666666668]], [[14.0, 18.0], [17, 2]], [[14.0, 18.0], [0, 4]], [[14.0, 18.0], [17.666666666666668, 7.333333333333334]]]}