{"shape": "hexagon", "num_sides": 6, "num_lines": 13, "num_points": 13, "num_sides_with_points": 4, "num_points_on_sides": [1, 2, 2, 2], "vertices": [[1, 5], [9, 19], [16, 17], [18, 12], [17, 8], [11, 3]], "bound_edges": [[[11, 3], [1, 5]], [[1, 5], [9, 19]], [[9, 19], [16, 17]], [[16, 17], [18, 12]], [[18, 12], [17, 8]], [[17, 8], [11, 3]]], "points_on_edge": [[17.0, 14.5], [11.333333333333332, 18.333333333333332], [13.666666666666666, 17.666666666666668], [7.666666666666667, 3.6666666666666665], [4.333333333333334, 4.333333333333333], [17.666666666666668, 10.666666666666666], [17.333333333333332, 9.333333333333334]], "inner_edges": [[[17.0, 14.5], [1, 5]], [[11.333333333333332, 18.333333333333332], [1, 5]], [[13.666666666666666, 17.666666666666668], [7.666666666666667, 3.6666666666666665]], [[7.666666666666667, 3.6666666666666665], [11.333333333333332, 18.333333333333332]], [[4.333333333333334, 4.333333333333333], [9, 19]], [[17.666666666666668, 10.666666666666666], [16, 17]], [[17.333333333333332, 9.333333333333334], [7.666666666666667, 3.6666666666666665]]]}