{"shape": "pentagon", "num_sides": 5, "num_lines": 14, "num_points": 9, "num_sides_with_points": 3, "num_points_on_sides": [1, 1, 2], "vertices": [[3, 17], [16, 19], [20, 11], [19, 1], [3, 0]], "bound_edges": [[[3, 0], [3, 17]], [[3, 17], [16, 19]], [[16, 19], [20, 11]], [[20, 11], [19, 1]], [[19, 1], [3, 0]]], "points_on_edge": [[11.0, 0.5], [18.0, 15.0], [7.333333333333333, 17.666666666666668], [11.666666666666666, 18.333333333333332]], "inner_edges": [[[11.0, 0.5], [7.333333333333333, 17.666666666666668]], [[11.0, 0.5], [20, 11]], [[18.0, 15.0], [7.333333333333333, 17.666666666666668]], [[18.0, 15.0], [3, 17]], [[7.333333333333333, 17.666666666666668], [3, 0]], [[7.333333333333333, 17.666666666666668], [20, 11]], [[7.333333333333333, 17.666666666666668], [19, 1]], [[11.666666666666666, 18.333333333333332], [18.0, 15.0]], [[11.666666666666666, 18.333333333333332], [20, 11]]]}