{"shape": "hexagon", "num_sides": 6, "num_lines": 24, "num_points": 15, "num_sides_with_points": 5, "num_points_on_sides": [2, 2, 2, 1, 2], "vertices": [[0, 4], [1, 17], [7, 20], [18, 18], [18, 3], [14, 0]], "bound_edges": [[[14, 0], [0, 4]], [[0, 4], [1, 17]], [[1, 17], [7, 20]], [[7, 20], [18, 18]], [[18, 18], [18, 3]], [[18, 3], [14, 0]]], "points_on_edge": [[10.666666666666666, 19.333333333333332], [14.333333333333332, 18.666666666666668], [3.0, 18.0], [5.0, 19.0], [0.3333333333333333, 8.333333333333332], [0.6666666666666666, 12.666666666666666], [16.0, 1.5], [9.333333333333334, 1.3333333333333333], [4.666666666666668, 2.6666666666666665]], "inner_edges": [[[10.666666666666666, 19.333333333333332], [1, 17]], [[10.666666666666666, 19.333333333333332], [0.3333333333333333, 8.333333333333332]], [[10.666666666666666, 19.333333333333332], [9.333333333333334, 1.3333333333333333]], [[14.333333333333332, 18.666666666666668], [16.0, 1.5]], [[14.333333333333332, 18.666666666666668], [0, 4]], [[3.0, 18.0], [18, 18]], [[5.0, 19.0], [0, 4]], [[5.0, 19.0], [16.0, 1.5]], [[5.0, 19.0], [14, 0]], [[0.3333333333333333, 8.333333333333332], [3.0, 18.0]], [[0.6666666666666666, 12.666666666666666], [5.0, 19.0]], [[16.0, 1.5], [10.666666666666666, 19.333333333333332]], [[9.333333333333334, 1.3333333333333333], [18, 18]], [[9.333333333333334, 1.3333333333333333], [0.3333333333333333, 8.333333333333332]], [[9.333333333333334, 1.3333333333333333], [14.333333333333332, 18.666666666666668]], [[4.666666666666668, 2.6666666666666665], [3.0, 18.0]], [[4.666666666666668, 2.6666666666666665], [18, 18]], [[4.666666666666668, 2.6666666666666665], [0.6666666666666666, 12.666666666666666]]]}