{"shape": "hexagon", "num_sides": 6, "num_lines": 26, "num_points": 12, "num_sides_with_points": 5, "num_points_on_sides": [1, 1, 2, 1, 1], "vertices": [[0, 10], [1, 13], [16, 17], [20, 3], [16, 0], [9, 0]], "bound_edges": [[[9, 0], [0, 10]], [[0, 10], [1, 13]], [[1, 13], [16, 17]], [[16, 17], [20, 3]], [[20, 3], [16, 0]], [[16, 0], [9, 0]]], "points_on_edge": [[8.5, 15.0], [18.0, 1.5], [6.0, 3.333333333333333], [3.0, 6.666666666666666], [18.0, 10.0], [0.5, 11.5]], "inner_edges": [[[8.5, 15.0], [0.5, 11.5]], [[8.5, 15.0], [20, 3]], [[18.0, 1.5], [0, 10]], [[18.0, 1.5], [3.0, 6.666666666666666]], [[6.0, 3.333333333333333], [18.0, 10.0]], [[6.0, 3.333333333333333], [20, 3]], [[6.0, 3.333333333333333], [16, 0]], [[6.0, 3.333333333333333], [1, 13]], [[3.0, 6.666666666666666], [16, 0]], [[3.0, 6.666666666666666], [1, 13]], [[3.0, 6.666666666666666], [0.5, 11.5]], [[3.0, 6.666666666666666], [16, 17]], [[18.0, 10.0], [3.0, 6.666666666666666]], [[18.0, 10.0], [0.5, 11.5]], [[18.0, 10.0], [0, 10]], [[18.0, 10.0], [8.5, 15.0]], [[18.0, 10.0], [9, 0]], [[0.5, 11.5], [6.0, 3.333333333333333]], [[0.5, 11.5], [16, 0]], [[0.5, 11.5], [9, 0]]]}