{"shape": "pentagon", "num_sides": 5, "num_lines": 23, "num_points": 11, "num_sides_with_points": 5, "num_points_on_sides": [1, 1, 1, 1, 2], "vertices": [[0, 2], [2, 16], [6, 19], [20, 20], [18, 1]], "bound_edges": [[[18, 1], [0, 2]], [[0, 2], [2, 16]], [[2, 16], [6, 19]], [[6, 19], [20, 20]], [[20, 20], [18, 1]]], "points_on_edge": [[19.0, 10.5], [9.0, 1.5], [13.0, 19.5], [4.0, 17.5], [0.6666666666666666, 6.666666666666666], [1.3333333333333333, 11.333333333333332]], "inner_edges": [[[19.0, 10.5], [13.0, 19.5]], [[19.0, 10.5], [0, 2]], [[19.0, 10.5], [2, 16]], [[19.0, 10.5], [6, 19]], [[9.0, 1.5], [6, 19]], [[9.0, 1.5], [0.6666666666666666, 6.666666666666666]], [[9.0, 1.5], [4.0, 17.5]], [[9.0, 1.5], [20, 20]], [[13.0, 19.5], [9.0, 1.5]], [[13.0, 19.5], [2, 16]], [[13.0, 19.5], [0.6666666666666666, 6.666666666666666]], [[4.0, 17.5], [20, 20]], [[4.0, 17.5], [1.3333333333333333, 11.333333333333332]], [[0.6666666666666666, 6.666666666666666], [19.0, 10.5]], [[1.3333333333333333, 11.333333333333332], [18, 1]], [[1.3333333333333333, 11.333333333333332], [9.0, 1.5]], [[1.3333333333333333, 11.333333333333332], [20, 20]], [[1.3333333333333333, 11.333333333333332], [19.0, 10.5]]]}