{"shape": "hexagon", "num_sides": 6, "num_lines": 26, "num_points": 15, "num_sides_with_points": 5, "num_points_on_sides": [2, 2, 2, 2, 1], "vertices": [[1, 10], [2, 15], [9, 20], [16, 20], [20, 16], [18, 2]], "bound_edges": [[[18, 2], [1, 10]], [[1, 10], [2, 15]], [[2, 15], [9, 20]], [[9, 20], [16, 20]], [[16, 20], [20, 16]], [[20, 16], [18, 2]]], "points_on_edge": [[11.333333333333332, 20.0], [13.666666666666666, 20.0], [1.3333333333333333, 11.666666666666666], [1.6666666666666665, 13.333333333333332], [12.333333333333334, 4.666666666666666], [6.666666666666668, 7.333333333333333], [19.333333333333332, 11.333333333333334], [18.666666666666668, 6.666666666666668], [18.0, 18.0]], "inner_edges": [[[11.333333333333332, 20.0], [1.6666666666666665, 13.333333333333332]], [[13.666666666666666, 20.0], [18.666666666666668, 6.666666666666668]], [[13.666666666666666, 20.0], [1.6666666666666665, 13.333333333333332]], [[1.3333333333333333, 11.666666666666666], [12.333333333333334, 4.666666666666666]], [[1.3333333333333333, 11.666666666666666], [6.666666666666668, 7.333333333333333]], [[1.6666666666666665, 13.333333333333332], [18, 2]], [[1.6666666666666665, 13.333333333333332], [18.666666666666668, 6.666666666666668]], [[1.6666666666666665, 13.333333333333332], [9, 20]], [[12.333333333333334, 4.666666666666666], [19.333333333333332, 11.333333333333334]], [[12.333333333333334, 4.666666666666666], [11.333333333333332, 20.0]], [[12.333333333333334, 4.666666666666666], [20, 16]], [[12.333333333333334, 4.666666666666666], [1.6666666666666665, 13.333333333333332]], [[6.666666666666668, 7.333333333333333], [13.666666666666666, 20.0]], [[6.666666666666668, 7.333333333333333], [11.333333333333332, 20.0]], [[19.333333333333332, 11.333333333333334], [11.333333333333332, 20.0]], [[19.333333333333332, 11.333333333333334], [2, 15]], [[18.666666666666668, 6.666666666666668], [18.0, 18.0]], [[18.666666666666668, 6.666666666666668], [9, 20]], [[18.666666666666668, 6.666666666666668], [2, 15]], [[18.0, 18.0], [1, 10]]]}