{"shape": "hexagon", "num_sides": 6, "num_lines": 10, "num_points": 8, "num_sides_with_points": 1, "num_points_on_sides": [2], "vertices": [[2, 10], [4, 16], [13, 20], [20, 19], [20, 0], [15, 0]], "bound_edges": [[[15, 0], [2, 10]], [[2, 10], [4, 16]], [[4, 16], [13, 20]], [[13, 20], [20, 19]], [[20, 19], [20, 0]], [[20, 0], [15, 0]]], "points_on_edge": [[2.6666666666666665, 12.0], [3.333333333333333, 14.0]], "inner_edges": [[[2.6666666666666665, 12.0], [13, 20]], [[2.6666666666666665, 12.0], [15, 0]], [[3.333333333333333, 14.0], [20, 19]], [[3.333333333333333, 14.0], [20, 0]]]}