{"shape": "quadrilateral", "num_sides": 4, "num_lines": 13, "num_points": 9, "num_sides_with_points": 4, "num_points_on_sides": [2, 1, 1, 1], "vertices": [[0, 12], [5, 20], [20, 19], [20, 8]], "bound_edges": [[[20, 8], [0, 12]], [[0, 12], [5, 20]], [[5, 20], [20, 19]], [[20, 19], [20, 8]]], "points_on_edge": [[10.0, 19.666666666666668], [15.0, 19.333333333333332], [20.0, 13.5], [10.0, 10.0], [2.5, 16.0]], "inner_edges": [[[10.0, 19.666666666666668], [10.0, 10.0]], [[10.0, 19.666666666666668], [20, 8]], [[10.0, 19.666666666666668], [2.5, 16.0]], [[15.0, 19.333333333333332], [0, 12]], [[20.0, 13.5], [10.0, 19.666666666666668]], [[20.0, 13.5], [15.0, 19.333333333333332]], [[20.0, 13.5], [0, 12]], [[10.0, 10.0], [2.5, 16.0]], [[2.5, 16.0], [20, 19]]]}