{"shape": "pentagon", "num_sides": 5, "num_lines": 20, "num_points": 12, "num_sides_with_points": 5, "num_points_on_sides": [1, 2, 2, 1, 1], "vertices": [[0, 14], [8, 20], [19, 19], [20, 6], [13, 1]], "bound_edges": [[[13, 1], [0, 14]], [[0, 14], [8, 20]], [[8, 20], [19, 19]], [[19, 19], [20, 6]], [[20, 6], [13, 1]]], "points_on_edge": [[4.0, 17.0], [11.666666666666666, 19.666666666666668], [15.333333333333332, 19.333333333333332], [17.666666666666668, 4.333333333333334], [15.333333333333334, 2.666666666666667], [19.5, 12.5], [6.5, 7.5]], "inner_edges": [[[4.0, 17.0], [15.333333333333332, 19.333333333333332]], [[11.666666666666666, 19.666666666666668], [6.5, 7.5]], [[11.666666666666666, 19.666666666666668], [4.0, 17.0]], [[11.666666666666666, 19.666666666666668], [20, 6]], [[15.333333333333332, 19.333333333333332], [20, 6]], [[17.666666666666668, 4.333333333333334], [0, 14]], [[17.666666666666668, 4.333333333333334], [11.666666666666666, 19.666666666666668]], [[17.666666666666668, 4.333333333333334], [6.5, 7.5]], [[15.333333333333334, 2.666666666666667], [8, 20]], [[15.333333333333334, 2.666666666666667], [0, 14]], [[19.5, 12.5], [11.666666666666666, 19.666666666666668]], [[19.5, 12.5], [6.5, 7.5]], [[6.5, 7.5], [15.333333333333334, 2.666666666666667]], [[6.5, 7.5], [19, 19]], [[6.5, 7.5], [15.333333333333332, 19.333333333333332]]]}