{"shape": "quadrilateral", "num_sides": 4, "num_lines": 7, "num_points": 6, "num_sides_with_points": 1, "num_points_on_sides": [2], "vertices": [[0, 18], [9, 20], [19, 16], [20, 0]], "bound_edges": [[[20, 0], [0, 18]], [[0, 18], [9, 20]], [[9, 20], [19, 16]], [[19, 16], [20, 0]]], "points_on_edge": [[3.0, 18.666666666666668], [6.0, 19.333333333333332]], "inner_edges": [[[3.0, 18.666666666666668], [20, 0]], [[3.0, 18.666666666666668], [19, 16]], [[6.0, 19.333333333333332], [20, 0]]]}