{"shape": "hexagon", "num_sides": 6, "num_lines": 15, "num_points": 11, "num_sides_with_points": 4, "num_points_on_sides": [2, 1, 1, 1], "vertices": [[1, 15], [4, 19], [17, 18], [20, 15], [19, 3], [11, 1]], "bound_edges": [[[11, 1], [1, 15]], [[1, 15], [4, 19]], [[4, 19], [17, 18]], [[17, 18], [20, 15]], [[20, 15], [19, 3]], [[19, 3], [11, 1]]], "points_on_edge": [[19.666666666666668, 11.0], [19.333333333333332, 7.0], [6.0, 8.0], [10.5, 18.5], [18.5, 16.5]], "inner_edges": [[[19.666666666666668, 11.0], [6.0, 8.0]], [[19.666666666666668, 11.0], [18.5, 16.5]], [[19.333333333333332, 7.0], [17, 18]], [[6.0, 8.0], [4, 19]], [[10.5, 18.5], [18.5, 16.5]], [[10.5, 18.5], [1, 15]], [[10.5, 18.5], [19, 3]], [[18.5, 16.5], [6.0, 8.0]], [[18.5, 16.5], [19.333333333333332, 7.0]]]}