{"shape": "quadrilateral", "num_sides": 4, "num_lines": 10, "num_points": 7, "num_sides_with_points": 2, "num_points_on_sides": [1, 2], "vertices": [[0, 15], [7, 20], [20, 13], [19, 1]], "bound_edges": [[[19, 1], [0, 15]], [[0, 15], [7, 20]], [[7, 20], [20, 13]], [[20, 13], [19, 1]]], "points_on_edge": [[13.5, 16.5], [19.666666666666668, 9.0], [19.333333333333332, 5.0]], "inner_edges": [[[13.5, 16.5], [19.666666666666668, 9.0]], [[19.666666666666668, 9.0], [0, 15]], [[19.666666666666668, 9.0], [7, 20]], [[19.333333333333332, 5.0], [13.5, 16.5]], [[19.333333333333332, 5.0], [0, 15]], [[19.333333333333332, 5.0], [7, 20]]]}