{"shape": "other", "num_sides": 8, "num_lines": 11, "num_points": 10, "num_sides_with_points": 1, "num_points_on_sides": [2], "vertices": [[0, 5], [1, 15], [6, 20], [16, 17], [20, 12], [18, 3], [14, 0], [8, 0]], "bound_edges": [[[8, 0], [0, 5]], [[0, 5], [1, 15]], [[1, 15], [6, 20]], [[6, 20], [16, 17]], [[16, 17], [20, 12]], [[20, 12], [18, 3]], [[18, 3], [14, 0]], [[14, 0], [8, 0]]], "points_on_edge": [[5.333333333333334, 1.6666666666666665], [2.666666666666667, 3.333333333333333]], "inner_edges": [[[5.333333333333334, 1.6666666666666665], [20, 12]], [[2.666666666666667, 3.333333333333333], [1, 15]], [[2.666666666666667, 3.333333333333333], [6, 20]]]}