{"shape": "pentagon", "num_sides": 5, "num_lines": 23, "num_points": 12, "num_sides_with_points": 4, "num_points_on_sides": [2, 2, 1, 2], "vertices": [[1, 5], [10, 20], [15, 18], [20, 11], [11, 0]], "bound_edges": [[[11, 0], [1, 5]], [[1, 5], [10, 20]], [[10, 20], [15, 18]], [[15, 18], [20, 11]], [[20, 11], [11, 0]]], "points_on_edge": [[11.666666666666666, 19.333333333333332], [13.333333333333332, 18.666666666666668], [17.0, 7.333333333333334], [14.0, 3.666666666666667], [5.5, 12.5], [16.666666666666668, 15.666666666666668], [18.333333333333332, 13.333333333333334]], "inner_edges": [[[11.666666666666666, 19.333333333333332], [18.333333333333332, 13.333333333333334]], [[13.333333333333332, 18.666666666666668], [16.666666666666668, 15.666666666666668]], [[13.333333333333332, 18.666666666666668], [17.0, 7.333333333333334]], [[17.0, 7.333333333333334], [10, 20]], [[17.0, 7.333333333333334], [5.5, 12.5]], [[17.0, 7.333333333333334], [16.666666666666668, 15.666666666666668]], [[14.0, 3.666666666666667], [18.333333333333332, 13.333333333333334]], [[14.0, 3.666666666666667], [11.666666666666666, 19.333333333333332]], [[14.0, 3.666666666666667], [16.666666666666668, 15.666666666666668]], [[14.0, 3.666666666666667], [5.5, 12.5]], [[5.5, 12.5], [18.333333333333332, 13.333333333333334]], [[5.5, 12.5], [13.333333333333332, 18.666666666666668]], [[5.5, 12.5], [20, 11]], [[16.666666666666668, 15.666666666666668], [10, 20]], [[16.666666666666668, 15.666666666666668], [1, 5]], [[18.333333333333332, 13.333333333333334], [1, 5]], [[18.333333333333332, 13.333333333333334], [10, 20]], [[18.333333333333332, 13.333333333333334], [17.0, 7.333333333333334]]]}