{"shape": "triangle", "num_sides": 3, "num_lines": 14, "num_points": 8, "num_sides_with_points": 3, "num_points_on_sides": [2, 2, 1], "vertices": [[2, 20], [20, 17], [20, 0]], "bound_edges": [[[20, 0], [2, 20]], [[2, 20], [20, 17]], [[20, 17], [20, 0]]], "points_on_edge": [[14.0, 6.666666666666666], [8.0, 13.333333333333332], [8.0, 19.0], [14.0, 18.0], [20.0, 8.5]], "inner_edges": [[[14.0, 6.666666666666666], [20, 17]], [[14.0, 6.666666666666666], [20.0, 8.5]], [[8.0, 13.333333333333332], [20.0, 8.5]], [[8.0, 13.333333333333332], [8.0, 19.0]], [[8.0, 19.0], [14.0, 6.666666666666666]], [[8.0, 19.0], [20.0, 8.5]], [[8.0, 19.0], [20, 0]], [[14.0, 18.0], [20.0, 8.5]], [[14.0, 18.0], [20, 0]], [[14.0, 18.0], [8.0, 13.333333333333332]], [[20.0, 8.5], [2, 20]]]}