{"shape": "pentagon", "num_sides": 5, "num_lines": 15, "num_points": 9, "num_sides_with_points": 3, "num_points_on_sides": [2, 1, 1], "vertices": [[1, 13], [10, 20], [19, 18], [18, 3], [2, 0]], "bound_edges": [[[2, 0], [1, 13]], [[1, 13], [10, 20]], [[10, 20], [19, 18]], [[19, 18], [18, 3]], [[18, 3], [2, 0]]], "points_on_edge": [[13.0, 19.333333333333332], [16.0, 18.666666666666668], [1.5, 6.5], [18.5, 10.5]], "inner_edges": [[[13.0, 19.333333333333332], [1.5, 6.5]], [[16.0, 18.666666666666668], [18, 3]], [[16.0, 18.666666666666668], [18.5, 10.5]], [[16.0, 18.666666666666668], [2, 0]], [[16.0, 18.666666666666668], [1, 13]], [[16.0, 18.666666666666668], [1.5, 6.5]], [[1.5, 6.5], [10, 20]], [[1.5, 6.5], [18.5, 10.5]], [[1.5, 6.5], [19, 18]], [[18.5, 10.5], [2, 0]]]}