{"shape": "quadrilateral", "num_sides": 4, "num_lines": 16, "num_points": 11, "num_sides_with_points": 4, "num_points_on_sides": [2, 1, 2, 2], "vertices": [[2, 20], [16, 17], [18, 4], [11, 1]], "bound_edges": [[[11, 1], [2, 20]], [[2, 20], [16, 17]], [[16, 17], [18, 4]], [[18, 4], [11, 1]]], "points_on_edge": [[6.666666666666666, 19.0], [11.333333333333332, 18.0], [17.0, 10.5], [8.0, 7.333333333333333], [5.0, 13.666666666666666], [15.666666666666668, 3.0], [13.333333333333334, 2.0]], "inner_edges": [[[6.666666666666666, 19.0], [13.333333333333334, 2.0]], [[11.333333333333332, 18.0], [5.0, 13.666666666666666]], [[17.0, 10.5], [13.333333333333334, 2.0]], [[17.0, 10.5], [5.0, 13.666666666666666]], [[8.0, 7.333333333333333], [15.666666666666668, 3.0]], [[8.0, 7.333333333333333], [17.0, 10.5]], [[5.0, 13.666666666666666], [16, 17]], [[5.0, 13.666666666666666], [6.666666666666666, 19.0]], [[5.0, 13.666666666666666], [18, 4]], [[15.666666666666668, 3.0], [6.666666666666666, 19.0]], [[13.333333333333334, 2.0], [16, 17]], [[13.333333333333334, 2.0], [11.333333333333332, 18.0]]]}