{"shape": "triangle", "num_sides": 3, "num_lines": 12, "num_points": 7, "num_sides_with_points": 3, "num_points_on_sides": [1, 1, 2], "vertices": [[0, 18], [18, 20], [18, 1]], "bound_edges": [[[18, 1], [0, 18]], [[0, 18], [18, 20]], [[18, 20], [18, 1]]], "points_on_edge": [[9.0, 9.5], [18.0, 10.5], [6.0, 18.666666666666668], [12.0, 19.333333333333332]], "inner_edges": [[[9.0, 9.5], [12.0, 19.333333333333332]], [[9.0, 9.5], [18.0, 10.5]], [[9.0, 9.5], [6.0, 18.666666666666668]], [[9.0, 9.5], [18, 20]], [[18.0, 10.5], [0, 18]], [[6.0, 18.666666666666668], [18, 1]], [[6.0, 18.666666666666668], [18.0, 10.5]], [[12.0, 19.333333333333332], [18.0, 10.5]], [[12.0, 19.333333333333332], [18, 1]]]}