{"shape": "triangle", "num_sides": 3, "num_lines": 8, "num_points": 6, "num_sides_with_points": 2, "num_points_on_sides": [2, 1], "vertices": [[2, 20], [20, 18], [17, 0]], "bound_edges": [[[17, 0], [2, 20]], [[2, 20], [20, 18]], [[20, 18], [17, 0]]], "points_on_edge": [[8.0, 19.333333333333332], [14.0, 18.666666666666668], [18.5, 9.0]], "inner_edges": [[[8.0, 19.333333333333332], [17, 0]], [[8.0, 19.333333333333332], [18.5, 9.0]], [[14.0, 18.666666666666668], [18.5, 9.0]], [[14.0, 18.666666666666668], [17, 0]], [[18.5, 9.0], [2, 20]]]}