{"shape": "quadrilateral", "num_sides": 4, "num_lines": 7, "num_points": 6, "num_sides_with_points": 1, "num_points_on_sides": [2], "vertices": [[0, 13], [3, 20], [18, 18], [16, 0]], "bound_edges": [[[16, 0], [0, 13]], [[0, 13], [3, 20]], [[3, 20], [18, 18]], [[18, 18], [16, 0]]], "points_on_edge": [[10.666666666666668, 4.333333333333333], [5.333333333333334, 8.666666666666666]], "inner_edges": [[[10.666666666666668, 4.333333333333333], [18, 18]], [[5.333333333333334, 8.666666666666666], [18, 18]], [[5.333333333333334, 8.666666666666666], [3, 20]]]}