{"shape": "pentagon", "num_sides": 5, "num_lines": 11, "num_points": 8, "num_sides_with_points": 2, "num_points_on_sides": [2, 1], "vertices": [[0, 12], [18, 18], [20, 14], [16, 4], [2, 0]], "bound_edges": [[[2, 0], [0, 12]], [[0, 12], [18, 18]], [[18, 18], [20, 14]], [[20, 14], [16, 4]], [[16, 4], [2, 0]]], "points_on_edge": [[11.333333333333334, 2.666666666666667], [6.666666666666668, 1.3333333333333335], [19.0, 16.0]], "inner_edges": [[[11.333333333333334, 2.666666666666667], [20, 14]], [[11.333333333333334, 2.666666666666667], [19.0, 16.0]], [[6.666666666666668, 1.3333333333333335], [0, 12]], [[6.666666666666668, 1.3333333333333335], [20, 14]], [[19.0, 16.0], [2, 0]], [[19.0, 16.0], [0, 12]]]}