{"shape": "quadrilateral", "num_sides": 4, "num_lines": 20, "num_points": 11, "num_sides_with_points": 4, "num_points_on_sides": [2, 2, 1, 2], "vertices": [[0, 19], [9, 20], [17, 15], [19, 6]], "bound_edges": [[[19, 6], [0, 19]], [[0, 19], [9, 20]], [[9, 20], [17, 15]], [[17, 15], [19, 6]]], "points_on_edge": [[17.666666666666668, 12.0], [18.333333333333332, 9.0], [12.666666666666668, 10.333333333333332], [6.333333333333334, 14.666666666666666], [4.5, 19.5], [11.666666666666666, 18.333333333333332], [14.333333333333332, 16.666666666666668]], "inner_edges": [[[17.666666666666668, 12.0], [14.333333333333332, 16.666666666666668]], [[17.666666666666668, 12.0], [12.666666666666668, 10.333333333333332]], [[18.333333333333332, 9.0], [4.5, 19.5]], [[18.333333333333332, 9.0], [9, 20]], [[18.333333333333332, 9.0], [14.333333333333332, 16.666666666666668]], [[18.333333333333332, 9.0], [12.666666666666668, 10.333333333333332]], [[12.666666666666668, 10.333333333333332], [14.333333333333332, 16.666666666666668]], [[12.666666666666668, 10.333333333333332], [9, 20]], [[12.666666666666668, 10.333333333333332], [4.5, 19.5]], [[12.666666666666668, 10.333333333333332], [11.666666666666666, 18.333333333333332]], [[6.333333333333334, 14.666666666666666], [18.333333333333332, 9.0]], [[4.5, 19.5], [14.333333333333332, 16.666666666666668]], [[4.5, 19.5], [17.666666666666668, 12.0]], [[4.5, 19.5], [11.666666666666666, 18.333333333333332]], [[11.666666666666666, 18.333333333333332], [6.333333333333334, 14.666666666666666]], [[14.333333333333332, 16.666666666666668], [6.333333333333334, 14.666666666666666]]]}