{"shape": "other", "num_sides": 7, "num_lines": 20, "num_points": 15, "num_sides_with_points": 4, "num_points_on_sides": [2, 2, 2, 2], "vertices": [[0, 9], [1, 13], [6, 18], [15, 20], [20, 15], [20, 3], [4, 0]], "bound_edges": [[[4, 0], [0, 9]], [[0, 9], [1, 13]], [[1, 13], [6, 18]], [[6, 18], [15, 20]], [[15, 20], [20, 15]], [[20, 15], [20, 3]], [[20, 3], [4, 0]]], "points_on_edge": [[9.0, 18.666666666666668], [12.0, 19.333333333333332], [20.0, 11.0], [20.0, 7.0], [2.6666666666666665, 14.666666666666666], [4.333333333333333, 16.333333333333332], [14.666666666666668, 2.0], [9.333333333333334, 1.0]], "inner_edges": [[[9.0, 18.666666666666668], [2.6666666666666665, 14.666666666666666]], [[12.0, 19.333333333333332], [20, 15]], [[20.0, 11.0], [0, 9]], [[20.0, 11.0], [9.333333333333334, 1.0]], [[20.0, 11.0], [15, 20]], [[20.0, 7.0], [4.333333333333333, 16.333333333333332]], [[20.0, 7.0], [9.0, 18.666666666666668]], [[2.6666666666666665, 14.666666666666666], [15, 20]], [[4.333333333333333, 16.333333333333332], [15, 20]], [[14.666666666666668, 2.0], [20.0, 7.0]], [[9.333333333333334, 1.0], [4.333333333333333, 16.333333333333332]], [[9.333333333333334, 1.0], [12.0, 19.333333333333332]], [[9.333333333333334, 1.0], [20, 15]]]}