{"shape": "triangle", "num_sides": 3, "num_lines": 5, "num_points": 5, "num_sides_with_points": 1, "num_points_on_sides": [2], "vertices": [[2, 11], [19, 20], [20, 2]], "bound_edges": [[[20, 2], [2, 11]], [[2, 11], [19, 20]], [[19, 20], [20, 2]]], "points_on_edge": [[7.666666666666666, 14.0], [13.333333333333332, 17.0]], "inner_edges": [[[7.666666666666666, 14.0], [20, 2]], [[13.333333333333332, 17.0], [20, 2]]]}