{"shape": "pentagon", "num_sides": 5, "num_lines": 16, "num_points": 8, "num_sides_with_points": 2, "num_points_on_sides": [2, 1], "vertices": [[0, 7], [3, 19], [17, 19], [19, 16], [12, 0]], "bound_edges": [[[12, 0], [0, 7]], [[0, 7], [3, 19]], [[3, 19], [17, 19]], [[17, 19], [19, 16]], [[19, 16], [12, 0]]], "points_on_edge": [[7.666666666666666, 19.0], [12.333333333333332, 19.0], [1.5, 13.0]], "inner_edges": [[[7.666666666666666, 19.0], [12, 0]], [[7.666666666666666, 19.0], [0, 7]], [[7.666666666666666, 19.0], [19, 16]], [[7.666666666666666, 19.0], [1.5, 13.0]], [[12.333333333333332, 19.0], [12, 0]], [[12.333333333333332, 19.0], [19, 16]], [[12.333333333333332, 19.0], [0, 7]], [[12.333333333333332, 19.0], [1.5, 13.0]], [[1.5, 13.0], [19, 16]], [[1.5, 13.0], [17, 19]], [[1.5, 13.0], [12, 0]]]}