{"shape": "pentagon", "num_sides": 5, "num_lines": 19, "num_points": 9, "num_sides_with_points": 3, "num_points_on_sides": [1, 2, 1], "vertices": [[0, 6], [5, 20], [19, 20], [17, 4], [5, 1]], "bound_edges": [[[5, 1], [0, 6]], [[0, 6], [5, 20]], [[5, 20], [19, 20]], [[19, 20], [17, 4]], [[17, 4], [5, 1]]], "points_on_edge": [[18.0, 12.0], [1.6666666666666665, 10.666666666666666], [3.333333333333333, 15.333333333333332], [2.5, 3.5]], "inner_edges": [[[18.0, 12.0], [2.5, 3.5]], [[18.0, 12.0], [5, 1]], [[18.0, 12.0], [3.333333333333333, 15.333333333333332]], [[18.0, 12.0], [0, 6]], [[1.6666666666666665, 10.666666666666666], [2.5, 3.5]], [[1.6666666666666665, 10.666666666666666], [18.0, 12.0]], [[1.6666666666666665, 10.666666666666666], [19, 20]], [[1.6666666666666665, 10.666666666666666], [5, 1]], [[1.6666666666666665, 10.666666666666666], [17, 4]], [[3.333333333333333, 15.333333333333332], [2.5, 3.5]], [[3.333333333333333, 15.333333333333332], [17, 4]], [[3.333333333333333, 15.333333333333332], [19, 20]], [[3.333333333333333, 15.333333333333332], [5, 1]], [[2.5, 3.5], [5, 20]]]}