{"shape": "triangle", "num_sides": 3, "num_lines": 15, "num_points": 8, "num_sides_with_points": 3, "num_points_on_sides": [1, 2, 2], "vertices": [[0, 19], [20, 19], [17, 1]], "bound_edges": [[[17, 1], [0, 19]], [[0, 19], [20, 19]], [[20, 19], [17, 1]]], "points_on_edge": [[8.5, 10.0], [19.0, 13.0], [18.0, 7.0], [6.666666666666666, 19.0], [13.333333333333332, 19.0]], "inner_edges": [[[8.5, 10.0], [20, 19]], [[19.0, 13.0], [0, 19]], [[19.0, 13.0], [8.5, 10.0]], [[19.0, 13.0], [6.666666666666666, 19.0]], [[19.0, 13.0], [13.333333333333332, 19.0]], [[18.0, 7.0], [0, 19]], [[18.0, 7.0], [6.666666666666666, 19.0]], [[6.666666666666666, 19.0], [8.5, 10.0]], [[6.666666666666666, 19.0], [17, 1]], [[13.333333333333332, 19.0], [18.0, 7.0]], [[13.333333333333332, 19.0], [17, 1]], [[13.333333333333332, 19.0], [8.5, 10.0]]]}