{"shape": "quadrilateral", "num_sides": 4, "num_lines": 10, "num_points": 10, "num_sides_with_points": 4, "num_points_on_sides": [1, 1, 2, 2], "vertices": [[0, 17], [16, 19], [20, 16], [15, 6]], "bound_edges": [[[15, 6], [0, 17]], [[0, 17], [16, 19]], [[16, 19], [20, 16]], [[20, 16], [15, 6]]], "points_on_edge": [[17.5, 11.0], [18.0, 17.5], [5.333333333333333, 17.666666666666668], [10.666666666666666, 18.333333333333332], [10.0, 9.666666666666666], [5.0, 13.333333333333332]], "inner_edges": [[[17.5, 11.0], [16, 19]], [[18.0, 17.5], [5.0, 13.333333333333332]], [[5.333333333333333, 17.666666666666668], [20, 16]], [[10.666666666666666, 18.333333333333332], [15, 6]], [[10.0, 9.666666666666666], [10.666666666666666, 18.333333333333332]], [[5.0, 13.333333333333332], [16, 19]]]}