{"shape": "hexagon", "num_sides": 6, "num_lines": 14, "num_points": 10, "num_sides_with_points": 2, "num_points_on_sides": [2, 2], "vertices": [[0, 13], [9, 18], [18, 17], [19, 7], [12, 1], [6, 0]], "bound_edges": [[[6, 0], [0, 13]], [[0, 13], [9, 18]], [[9, 18], [18, 17]], [[18, 17], [19, 7]], [[19, 7], [12, 1]], [[12, 1], [6, 0]]], "points_on_edge": [[3.0, 14.666666666666666], [6.0, 16.333333333333332], [12.0, 17.666666666666668], [15.0, 17.333333333333332]], "inner_edges": [[[3.0, 14.666666666666666], [6, 0]], [[3.0, 14.666666666666666], [18, 17]], [[6.0, 16.333333333333332], [6, 0]], [[12.0, 17.666666666666668], [19, 7]], [[12.0, 17.666666666666668], [3.0, 14.666666666666666]], [[15.0, 17.333333333333332], [0, 13]], [[15.0, 17.333333333333332], [6.0, 16.333333333333332]], [[15.0, 17.333333333333332], [6, 0]]]}