{"shape": "other", "num_sides": 7, "num_lines": 35, "num_points": 14, "num_sides_with_points": 5, "num_points_on_sides": [1, 1, 2, 2, 1], "vertices": [[0, 5], [1, 11], [13, 19], [20, 15], [17, 4], [12, 0], [7, 0]], "bound_edges": [[[7, 0], [0, 5]], [[0, 5], [1, 11]], [[1, 11], [13, 19]], [[13, 19], [20, 15]], [[20, 15], [17, 4]], [[17, 4], [12, 0]], [[12, 0], [7, 0]]], "points_on_edge": [[7.0, 15.0], [14.5, 2.0], [4.666666666666667, 1.6666666666666665], [2.333333333333334, 3.333333333333333], [19.0, 11.333333333333334], [18.0, 7.666666666666667], [0.5, 8.0]], "inner_edges": [[[7.0, 15.0], [0, 5]], [[7.0, 15.0], [12, 0]], [[7.0, 15.0], [4.666666666666667, 1.6666666666666665]], [[7.0, 15.0], [7, 0]], [[14.5, 2.0], [20, 15]], [[14.5, 2.0], [1, 11]], [[4.666666666666667, 1.6666666666666665], [14.5, 2.0]], [[4.666666666666667, 1.6666666666666665], [13, 19]], [[4.666666666666667, 1.6666666666666665], [20, 15]], [[4.666666666666667, 1.6666666666666665], [0.5, 8.0]], [[4.666666666666667, 1.6666666666666665], [12, 0]], [[2.333333333333334, 3.333333333333333], [1, 11]], [[2.333333333333334, 3.333333333333333], [14.5, 2.0]], [[2.333333333333334, 3.333333333333333], [7.0, 15.0]], [[2.333333333333334, 3.333333333333333], [19.0, 11.333333333333334]], [[2.333333333333334, 3.333333333333333], [18.0, 7.666666666666667]], [[19.0, 11.333333333333334], [7.0, 15.0]], [[19.0, 11.333333333333334], [0.5, 8.0]], [[19.0, 11.333333333333334], [14.5, 2.0]], [[19.0, 11.333333333333334], [4.666666666666667, 1.6666666666666665]], [[19.0, 11.333333333333334], [13, 19]], [[18.0, 7.666666666666667], [4.666666666666667, 1.6666666666666665]], [[18.0, 7.666666666666667], [1, 11]], [[18.0, 7.666666666666667], [7, 0]], [[18.0, 7.666666666666667], [12, 0]], [[0.5, 8.0], [14.5, 2.0]], [[0.5, 8.0], [18.0, 7.666666666666667]], [[0.5, 8.0], [20, 15]]]}