{"shape": "pentagon", "num_sides": 5, "num_lines": 11, "num_points": 11, "num_sides_with_points": 4, "num_points_on_sides": [1, 1, 2, 2], "vertices": [[0, 14], [7, 20], [20, 20], [19, 1], [8, 0]], "bound_edges": [[[8, 0], [0, 14]], [[0, 14], [7, 20]], [[7, 20], [20, 20]], [[20, 20], [19, 1]], [[19, 1], [8, 0]]], "points_on_edge": [[3.5, 17.0], [4.0, 7.0], [15.333333333333334, 0.6666666666666667], [11.666666666666668, 0.33333333333333337], [11.333333333333332, 20.0], [15.666666666666666, 20.0]], "inner_edges": [[[3.5, 17.0], [20, 20]], [[4.0, 7.0], [19, 1]], [[15.333333333333334, 0.6666666666666667], [11.333333333333332, 20.0]], [[11.666666666666668, 0.33333333333333337], [3.5, 17.0]], [[11.333333333333332, 20.0], [0, 14]], [[15.666666666666666, 20.0], [4.0, 7.0]]]}