{"shape": "quadrilateral", "num_sides": 4, "num_lines": 6, "num_points": 6, "num_sides_with_points": 1, "num_points_on_sides": [2], "vertices": [[4, 19], [20, 20], [19, 0], [7, 0]], "bound_edges": [[[7, 0], [4, 19]], [[4, 19], [20, 20]], [[20, 20], [19, 0]], [[19, 0], [7, 0]]], "points_on_edge": [[9.333333333333332, 19.333333333333332], [14.666666666666666, 19.666666666666668]], "inner_edges": [[[9.333333333333332, 19.333333333333332], [19, 0]], [[14.666666666666666, 19.666666666666668], [19, 0]]]}