{"shape": "hexagon", "num_sides": 6, "num_lines": 9, "num_points": 8, "num_sides_with_points": 1, "num_points_on_sides": [2], "vertices": [[1, 7], [2, 11], [14, 17], [17, 16], [20, 1], [8, 0]], "bound_edges": [[[8, 0], [1, 7]], [[1, 7], [2, 11]], [[2, 11], [14, 17]], [[14, 17], [17, 16]], [[17, 16], [20, 1]], [[20, 1], [8, 0]]], "points_on_edge": [[16.0, 0.6666666666666667], [12.0, 0.33333333333333337]], "inner_edges": [[[16.0, 0.6666666666666667], [14, 17]], [[16.0, 0.6666666666666667], [1, 7]], [[12.0, 0.33333333333333337], [14, 17]]]}