{"shape": "quadrilateral", "num_sides": 4, "num_lines": 12, "num_points": 9, "num_sides_with_points": 4, "num_points_on_sides": [1, 1, 1, 2], "vertices": [[0, 9], [9, 18], [20, 20], [16, 2]], "bound_edges": [[[16, 2], [0, 9]], [[0, 9], [9, 18]], [[9, 18], [20, 20]], [[20, 20], [16, 2]]], "points_on_edge": [[18.0, 11.0], [8.0, 5.5], [4.5, 13.5], [12.666666666666666, 18.666666666666668], [16.333333333333332, 19.333333333333332]], "inner_edges": [[[18.0, 11.0], [4.5, 13.5]], [[8.0, 5.5], [4.5, 13.5]], [[4.5, 13.5], [16.333333333333332, 19.333333333333332]], [[4.5, 13.5], [20, 20]], [[12.666666666666666, 18.666666666666668], [16, 2]], [[12.666666666666666, 18.666666666666668], [8.0, 5.5]], [[12.666666666666666, 18.666666666666668], [0, 9]], [[16.333333333333332, 19.333333333333332], [16, 2]]]}