{"shape": "quadrilateral", "num_sides": 4, "num_lines": 12, "num_points": 9, "num_sides_with_points": 3, "num_points_on_sides": [2, 2, 1], "vertices": [[2, 18], [18, 19], [20, 5], [16, 1]], "bound_edges": [[[16, 1], [2, 18]], [[2, 18], [18, 19]], [[18, 19], [20, 5]], [[20, 5], [16, 1]]], "points_on_edge": [[11.333333333333334, 6.666666666666666], [6.666666666666668, 12.333333333333332], [18.666666666666668, 14.333333333333334], [19.333333333333332, 9.666666666666668], [18.0, 3.0]], "inner_edges": [[[11.333333333333334, 6.666666666666666], [20, 5]], [[11.333333333333334, 6.666666666666666], [18.0, 3.0]], [[11.333333333333334, 6.666666666666666], [18.666666666666668, 14.333333333333334]], [[11.333333333333334, 6.666666666666666], [18, 19]], [[6.666666666666668, 12.333333333333332], [18.666666666666668, 14.333333333333334]], [[18.666666666666668, 14.333333333333334], [18.0, 3.0]], [[19.333333333333332, 9.666666666666668], [11.333333333333334, 6.666666666666666]], [[18.0, 3.0], [19.333333333333332, 9.666666666666668]]]}