{"shape": "hexagon", "num_sides": 6, "num_lines": 20, "num_points": 14, "num_sides_with_points": 5, "num_points_on_sides": [1, 1, 2, 2, 2], "vertices": [[4, 12], [11, 20], [18, 19], [20, 16], [15, 6], [6, 1]], "bound_edges": [[[6, 1], [4, 12]], [[4, 12], [11, 20]], [[11, 20], [18, 19]], [[18, 19], [20, 16]], [[20, 16], [15, 6]], [[15, 6], [6, 1]]], "points_on_edge": [[17.5, 11.0], [14.5, 19.5], [18.666666666666668, 18.0], [19.333333333333332, 17.0], [5.333333333333333, 4.666666666666666], [4.666666666666667, 8.333333333333332], [6.333333333333333, 14.666666666666666], [8.666666666666666, 17.333333333333332]], "inner_edges": [[[17.5, 11.0], [4, 12]], [[17.5, 11.0], [11, 20]], [[14.5, 19.5], [19.333333333333332, 17.0]], [[14.5, 19.5], [6.333333333333333, 14.666666666666666]], [[18.666666666666668, 18.0], [15, 6]], [[18.666666666666668, 18.0], [4, 12]], [[19.333333333333332, 17.0], [6.333333333333333, 14.666666666666666]], [[5.333333333333333, 4.666666666666666], [14.5, 19.5]], [[4.666666666666667, 8.333333333333332], [19.333333333333332, 17.0]], [[4.666666666666667, 8.333333333333332], [15, 6]], [[6.333333333333333, 14.666666666666666], [17.5, 11.0]], [[6.333333333333333, 14.666666666666666], [18, 19]], [[8.666666666666666, 17.333333333333332], [19.333333333333332, 17.0]], [[8.666666666666666, 17.333333333333332], [17.5, 11.0]]]}