{"shape": "pentagon", "num_sides": 5, "num_lines": 15, "num_points": 8, "num_sides_with_points": 2, "num_points_on_sides": [2, 1], "vertices": [[4, 13], [9, 18], [19, 15], [17, 1], [8, 0]], "bound_edges": [[[8, 0], [4, 13]], [[4, 13], [9, 18]], [[9, 18], [19, 15]], [[19, 15], [17, 1]], [[17, 1], [8, 0]]], "points_on_edge": [[14.0, 0.6666666666666667], [11.0, 0.33333333333333337], [14.0, 16.5]], "inner_edges": [[[14.0, 0.6666666666666667], [9, 18]], [[14.0, 0.6666666666666667], [4, 13]], [[14.0, 0.6666666666666667], [19, 15]], [[11.0, 0.33333333333333337], [4, 13]], [[11.0, 0.33333333333333337], [19, 15]], [[11.0, 0.33333333333333337], [9, 18]], [[11.0, 0.33333333333333337], [14.0, 16.5]], [[14.0, 16.5], [14.0, 0.6666666666666667]], [[14.0, 16.5], [4, 13]], [[14.0, 16.5], [8, 0]]]}