{"shape": "pentagon", "num_sides": 5, "num_lines": 18, "num_points": 10, "num_sides_with_points": 4, "num_points_on_sides": [1, 2, 1, 1], "vertices": [[0, 12], [6, 19], [19, 18], [18, 5], [11, 2]], "bound_edges": [[[11, 2], [0, 12]], [[0, 12], [6, 19]], [[6, 19], [19, 18]], [[19, 18], [18, 5]], [[18, 5], [11, 2]]], "points_on_edge": [[12.5, 18.5], [18.666666666666668, 13.666666666666668], [18.333333333333332, 9.333333333333334], [3.0, 15.5], [14.5, 3.5]], "inner_edges": [[[12.5, 18.5], [18.333333333333332, 9.333333333333334]], [[12.5, 18.5], [3.0, 15.5]], [[18.666666666666668, 13.666666666666668], [3.0, 15.5]], [[18.666666666666668, 13.666666666666668], [6, 19]], [[18.666666666666668, 13.666666666666668], [12.5, 18.5]], [[18.333333333333332, 9.333333333333334], [3.0, 15.5]], [[18.333333333333332, 9.333333333333334], [0, 12]], [[3.0, 15.5], [18, 5]], [[3.0, 15.5], [14.5, 3.5]], [[3.0, 15.5], [19, 18]], [[14.5, 3.5], [18.333333333333332, 9.333333333333334]], [[14.5, 3.5], [18.666666666666668, 13.666666666666668]], [[14.5, 3.5], [19, 18]]]}