{"shape": "quadrilateral", "num_sides": 4, "num_lines": 16, "num_points": 9, "num_sides_with_points": 4, "num_points_on_sides": [1, 2, 1, 1], "vertices": [[1, 6], [3, 17], [16, 19], [20, 0]], "bound_edges": [[[20, 0], [1, 6]], [[1, 6], [3, 17]], [[3, 17], [16, 19]], [[16, 19], [20, 0]]], "points_on_edge": [[2.0, 11.5], [13.666666666666668, 2.0], [7.333333333333334, 4.0], [18.0, 9.5], [9.5, 18.0]], "inner_edges": [[[2.0, 11.5], [16, 19]], [[2.0, 11.5], [20, 0]], [[2.0, 11.5], [7.333333333333334, 4.0]], [[13.666666666666668, 2.0], [3, 17]], [[13.666666666666668, 2.0], [16, 19]], [[13.666666666666668, 2.0], [9.5, 18.0]], [[7.333333333333334, 4.0], [18.0, 9.5]], [[7.333333333333334, 4.0], [9.5, 18.0]], [[7.333333333333334, 4.0], [3, 17]], [[18.0, 9.5], [3, 17]], [[9.5, 18.0], [18.0, 9.5]], [[9.5, 18.0], [2.0, 11.5]]]}