{"shape": "hexagon", "num_sides": 6, "num_lines": 11, "num_points": 11, "num_sides_with_points": 3, "num_points_on_sides": [2, 2, 1], "vertices": [[7, 18], [12, 20], [16, 19], [20, 11], [10, 3], [15, 2]], "bound_edges": [[[15, 2], [7, 18]], [[7, 18], [12, 20]], [[12, 20], [16, 19]], [[16, 19], [20, 11]], [[20, 11], [10, 3]], [[10, 3], [15, 2]]], "points_on_edge": [[16.666666666666668, 8.333333333333334], [13.333333333333334, 5.666666666666667], [8.666666666666666, 18.666666666666668], [10.333333333333332, 19.333333333333332], [14.0, 19.5]], "inner_edges": [[[16.666666666666668, 8.333333333333334], [10.333333333333332, 19.333333333333332]], [[13.333333333333334, 5.666666666666667], [8.666666666666666, 18.666666666666668]], [[8.666666666666666, 18.666666666666668], [16, 19]], [[10.333333333333332, 19.333333333333332], [16, 19]], [[14.0, 19.5], [10, 3]]]}