{"shape": "pentagon", "num_sides": 5, "num_lines": 9, "num_points": 9, "num_sides_with_points": 3, "num_points_on_sides": [1, 2, 1], "vertices": [[1, 11], [4, 18], [19, 14], [18, 4], [8, 0]], "bound_edges": [[[8, 0], [1, 11]], [[1, 11], [4, 18]], [[4, 18], [19, 14]], [[19, 14], [18, 4]], [[18, 4], [8, 0]]], "points_on_edge": [[11.5, 16.0], [18.666666666666668, 10.666666666666668], [18.333333333333332, 7.333333333333334], [4.5, 5.5]], "inner_edges": [[[11.5, 16.0], [18.666666666666668, 10.666666666666668]], [[18.666666666666668, 10.666666666666668], [4, 18]], [[18.333333333333332, 7.333333333333334], [4, 18]], [[4.5, 5.5], [4, 18]]]}