{"shape": "pentagon", "num_sides": 5, "num_lines": 13, "num_points": 13, "num_sides_with_points": 5, "num_points_on_sides": [2, 2, 2, 1, 1], "vertices": [[0, 9], [15, 18], [20, 13], [20, 8], [12, 2]], "bound_edges": [[[12, 2], [0, 9]], [[0, 9], [15, 18]], [[15, 18], [20, 13]], [[20, 13], [20, 8]], [[20, 8], [12, 2]]], "points_on_edge": [[16.666666666666668, 16.333333333333332], [18.333333333333332, 14.666666666666668], [5.0, 12.0], [10.0, 15.0], [8.0, 4.333333333333333], [4.0, 6.666666666666666], [20.0, 10.5], [16.0, 5.0]], "inner_edges": [[[16.666666666666668, 16.333333333333332], [20.0, 10.5]], [[18.333333333333332, 14.666666666666668], [10.0, 15.0]], [[5.0, 12.0], [20, 13]], [[10.0, 15.0], [20.0, 10.5]], [[8.0, 4.333333333333333], [18.333333333333332, 14.666666666666668]], [[4.0, 6.666666666666666], [16.666666666666668, 16.333333333333332]], [[20.0, 10.5], [18.333333333333332, 14.666666666666668]], [[16.0, 5.0], [20, 13]]]}