{"shape": "other", "num_sides": 7, "num_lines": 11, "num_points": 9, "num_sides_with_points": 1, "num_points_on_sides": [2], "vertices": [[0, 5], [1, 11], [14, 18], [19, 13], [20, 5], [15, 0], [4, 0]], "bound_edges": [[[4, 0], [0, 5]], [[0, 5], [1, 11]], [[1, 11], [14, 18]], [[14, 18], [19, 13]], [[19, 13], [20, 5]], [[20, 5], [15, 0]], [[15, 0], [4, 0]]], "points_on_edge": [[15.666666666666666, 16.333333333333332], [17.333333333333332, 14.666666666666668]], "inner_edges": [[[15.666666666666666, 16.333333333333332], [0, 5]], [[17.333333333333332, 14.666666666666668], [15, 0]], [[17.333333333333332, 14.666666666666668], [1, 11]], [[17.333333333333332, 14.666666666666668], [0, 5]]]}