{"shape": "quadrilateral", "num_sides": 4, "num_lines": 9, "num_points": 9, "num_sides_with_points": 4, "num_points_on_sides": [1, 1, 1, 2], "vertices": [[3, 20], [11, 17], [17, 0], [4, 0]], "bound_edges": [[[4, 0], [3, 20]], [[3, 20], [11, 17]], [[11, 17], [17, 0]], [[17, 0], [4, 0]]], "points_on_edge": [[14.0, 8.5], [10.5, 0.0], [3.5, 10.0], [5.666666666666666, 19.0], [8.333333333333332, 18.0]], "inner_edges": [[[14.0, 8.5], [3, 20]], [[10.5, 0.0], [11, 17]], [[3.5, 10.0], [10.5, 0.0]], [[5.666666666666666, 19.0], [3.5, 10.0]], [[8.333333333333332, 18.0], [10.5, 0.0]]]}