{"shape": "triangle", "num_sides": 3, "num_lines": 7, "num_points": 7, "num_sides_with_points": 3, "num_points_on_sides": [2, 1, 1], "vertices": [[0, 18], [18, 20], [20, 5]], "bound_edges": [[[20, 5], [0, 18]], [[0, 18], [18, 20]], [[18, 20], [20, 5]]], "points_on_edge": [[6.0, 18.666666666666668], [12.0, 19.333333333333332], [10.0, 11.5], [19.0, 12.5]], "inner_edges": [[[6.0, 18.666666666666668], [19.0, 12.5]], [[12.0, 19.333333333333332], [19.0, 12.5]], [[10.0, 11.5], [6.0, 18.666666666666668]], [[19.0, 12.5], [0, 18]]]}