{"shape": "pentagon", "num_sides": 5, "num_lines": 20, "num_points": 11, "num_sides_with_points": 4, "num_points_on_sides": [1, 2, 1, 2], "vertices": [[0, 14], [3, 20], [14, 20], [20, 4], [1, 0]], "bound_edges": [[[1, 0], [0, 14]], [[0, 14], [3, 20]], [[3, 20], [14, 20]], [[14, 20], [20, 4]], [[20, 4], [1, 0]]], "points_on_edge": [[0.5, 7.0], [13.666666666666668, 2.666666666666667], [7.333333333333334, 1.3333333333333335], [8.5, 20.0], [1.0, 16.0], [2.0, 18.0]], "inner_edges": [[[0.5, 7.0], [2.0, 18.0]], [[0.5, 7.0], [3, 20]], [[13.666666666666668, 2.666666666666667], [3, 20]], [[7.333333333333334, 1.3333333333333335], [14, 20]], [[7.333333333333334, 1.3333333333333335], [0.5, 7.0]], [[7.333333333333334, 1.3333333333333335], [3, 20]], [[8.5, 20.0], [1.0, 16.0]], [[8.5, 20.0], [0, 14]], [[8.5, 20.0], [13.666666666666668, 2.666666666666667]], [[1.0, 16.0], [14, 20]], [[1.0, 16.0], [1, 0]], [[2.0, 18.0], [20, 4]], [[2.0, 18.0], [7.333333333333334, 1.3333333333333335]], [[2.0, 18.0], [14, 20]], [[2.0, 18.0], [1, 0]]]}