{"shape": "pentagon", "num_sides": 5, "num_lines": 10, "num_points": 9, "num_sides_with_points": 2, "num_points_on_sides": [2, 2], "vertices": [[1, 11], [2, 18], [12, 18], [20, 11], [20, 2]], "bound_edges": [[[20, 2], [1, 11]], [[1, 11], [2, 18]], [[2, 18], [12, 18]], [[12, 18], [20, 11]], [[20, 11], [20, 2]]], "points_on_edge": [[13.666666666666668, 5.0], [7.333333333333334, 8.0], [1.3333333333333333, 13.333333333333332], [1.6666666666666665, 15.666666666666666]], "inner_edges": [[[13.666666666666668, 5.0], [1.6666666666666665, 15.666666666666666]], [[13.666666666666668, 5.0], [1.3333333333333333, 13.333333333333332]], [[7.333333333333334, 8.0], [1.3333333333333333, 13.333333333333332]], [[1.3333333333333333, 13.333333333333332], [12, 18]], [[1.6666666666666665, 15.666666666666666], [7.333333333333334, 8.0]]]}