{"shape": "quadrilateral", "num_sides": 4, "num_lines": 22, "num_points": 10, "num_sides_with_points": 4, "num_points_on_sides": [1, 1, 2, 2], "vertices": [[1, 19], [9, 19], [20, 12], [19, 1]], "bound_edges": [[[19, 1], [1, 19]], [[1, 19], [9, 19]], [[9, 19], [20, 12]], [[20, 12], [19, 1]]], "points_on_edge": [[10.0, 10.0], [14.5, 15.5], [3.6666666666666665, 19.0], [6.333333333333333, 19.0], [19.666666666666668, 8.333333333333334], [19.333333333333332, 4.666666666666667]], "inner_edges": [[[10.0, 10.0], [9, 19]], [[10.0, 10.0], [14.5, 15.5]], [[10.0, 10.0], [3.6666666666666665, 19.0]], [[10.0, 10.0], [20, 12]], [[14.5, 15.5], [19.666666666666668, 8.333333333333334]], [[14.5, 15.5], [1, 19]], [[14.5, 15.5], [6.333333333333333, 19.0]], [[14.5, 15.5], [3.6666666666666665, 19.0]], [[3.6666666666666665, 19.0], [19, 1]], [[3.6666666666666665, 19.0], [19.333333333333332, 4.666666666666667]], [[3.6666666666666665, 19.0], [19.666666666666668, 8.333333333333334]], [[3.6666666666666665, 19.0], [20, 12]], [[6.333333333333333, 19.0], [19.333333333333332, 4.666666666666667]], [[6.333333333333333, 19.0], [19.666666666666668, 8.333333333333334]], [[19.666666666666668, 8.333333333333334], [1, 19]], [[19.333333333333332, 4.666666666666667], [14.5, 15.5]], [[19.333333333333332, 4.666666666666667], [1, 19]], [[19.333333333333332, 4.666666666666667], [9, 19]]]}