{"shape": "pentagon", "num_sides": 5, "num_lines": 19, "num_points": 12, "num_sides_with_points": 5, "num_points_on_sides": [1, 1, 2, 2, 1], "vertices": [[0, 11], [12, 19], [20, 19], [19, 6], [10, 1]], "bound_edges": [[[10, 1], [0, 11]], [[0, 11], [12, 19]], [[12, 19], [20, 19]], [[20, 19], [19, 6]], [[19, 6], [10, 1]]], "points_on_edge": [[19.5, 12.5], [6.0, 15.0], [6.666666666666667, 4.333333333333333], [3.333333333333334, 7.666666666666666], [14.666666666666666, 19.0], [17.333333333333332, 19.0], [14.5, 3.5]], "inner_edges": [[[19.5, 12.5], [17.333333333333332, 19.0]], [[19.5, 12.5], [3.333333333333334, 7.666666666666666]], [[6.0, 15.0], [3.333333333333334, 7.666666666666666]], [[6.0, 15.0], [6.666666666666667, 4.333333333333333]], [[6.666666666666667, 4.333333333333333], [12, 19]], [[3.333333333333334, 7.666666666666666], [17.333333333333332, 19.0]], [[3.333333333333334, 7.666666666666666], [20, 19]], [[14.666666666666666, 19.0], [14.5, 3.5]], [[14.666666666666666, 19.0], [6.0, 15.0]], [[17.333333333333332, 19.0], [0, 11]], [[17.333333333333332, 19.0], [6.666666666666667, 4.333333333333333]], [[14.5, 3.5], [3.333333333333334, 7.666666666666666]], [[14.5, 3.5], [0, 11]], [[14.5, 3.5], [6.666666666666667, 4.333333333333333]]]}