{"shape": "pentagon", "num_sides": 5, "num_lines": 14, "num_points": 14, "num_sides_with_points": 5, "num_points_on_sides": [2, 1, 2, 2, 2], "vertices": [[0, 19], [18, 20], [20, 7], [17, 0], [7, 0]], "bound_edges": [[[7, 0], [0, 19]], [[0, 19], [18, 20]], [[18, 20], [20, 7]], [[20, 7], [17, 0]], [[17, 0], [7, 0]]], "points_on_edge": [[18.666666666666668, 15.666666666666668], [19.333333333333332, 11.333333333333334], [12.0, 0.0], [4.666666666666667, 6.333333333333333], [2.333333333333334, 12.666666666666666], [19.0, 4.666666666666667], [18.0, 2.333333333333334], [6.0, 19.333333333333332], [12.0, 19.666666666666668]], "inner_edges": [[[18.666666666666668, 15.666666666666668], [7, 0]], [[19.333333333333332, 11.333333333333334], [18.0, 2.333333333333334]], [[12.0, 0.0], [19.333333333333332, 11.333333333333334]], [[4.666666666666667, 6.333333333333333], [12.0, 19.666666666666668]], [[2.333333333333334, 12.666666666666666], [6.0, 19.333333333333332]], [[19.0, 4.666666666666667], [18, 20]], [[18.0, 2.333333333333334], [2.333333333333334, 12.666666666666666]], [[6.0, 19.333333333333332], [4.666666666666667, 6.333333333333333]], [[12.0, 19.666666666666668], [18.666666666666668, 15.666666666666668]]]}