{"shape": "quadrilateral", "num_sides": 4, "num_lines": 16, "num_points": 8, "num_sides_with_points": 2, "num_points_on_sides": [2, 2], "vertices": [[1, 10], [3, 18], [20, 13], [16, 3]], "bound_edges": [[[16, 3], [1, 10]], [[1, 10], [3, 18]], [[3, 18], [20, 13]], [[20, 13], [16, 3]]], "points_on_edge": [[18.666666666666668, 9.666666666666668], [17.333333333333332, 6.333333333333334], [8.666666666666666, 16.333333333333332], [14.333333333333332, 14.666666666666668]], "inner_edges": [[[18.666666666666668, 9.666666666666668], [3, 18]], [[18.666666666666668, 9.666666666666668], [14.333333333333332, 14.666666666666668]], [[18.666666666666668, 9.666666666666668], [1, 10]], [[18.666666666666668, 9.666666666666668], [8.666666666666666, 16.333333333333332]], [[17.333333333333332, 6.333333333333334], [3, 18]], [[17.333333333333332, 6.333333333333334], [8.666666666666666, 16.333333333333332]], [[17.333333333333332, 6.333333333333334], [1, 10]], [[17.333333333333332, 6.333333333333334], [14.333333333333332, 14.666666666666668]], [[8.666666666666666, 16.333333333333332], [1, 10]], [[8.666666666666666, 16.333333333333332], [16, 3]], [[14.333333333333332, 14.666666666666668], [1, 10]], [[14.333333333333332, 14.666666666666668], [16, 3]]]}