{"shape": "quadrilateral", "num_sides": 4, "num_lines": 8, "num_points": 7, "num_sides_with_points": 2, "num_points_on_sides": [2, 1], "vertices": [[2, 20], [10, 19], [18, 12], [20, 0]], "bound_edges": [[[20, 0], [2, 20]], [[2, 20], [10, 19]], [[10, 19], [18, 12]], [[18, 12], [20, 0]]], "points_on_edge": [[4.666666666666666, 19.666666666666668], [7.333333333333333, 19.333333333333332], [19.0, 6.0]], "inner_edges": [[[4.666666666666666, 19.666666666666668], [19.0, 6.0]], [[4.666666666666666, 19.666666666666668], [20, 0]], [[7.333333333333333, 19.333333333333332], [20, 0]], [[19.0, 6.0], [10, 19]]]}