{"shape": "pentagon", "num_sides": 5, "num_lines": 13, "num_points": 13, "num_sides_with_points": 4, "num_points_on_sides": [2, 2, 2, 2], "vertices": [[1, 17], [6, 18], [18, 13], [18, 0], [5, 0]], "bound_edges": [[[5, 0], [1, 17]], [[1, 17], [6, 18]], [[6, 18], [18, 13]], [[18, 13], [18, 0]], [[18, 0], [5, 0]]], "points_on_edge": [[3.666666666666667, 5.666666666666666], [2.3333333333333335, 11.333333333333332], [2.6666666666666665, 17.333333333333332], [4.333333333333333, 17.666666666666668], [10.0, 16.333333333333332], [14.0, 14.666666666666668], [18.0, 8.666666666666668], [18.0, 4.333333333333334]], "inner_edges": [[[3.666666666666667, 5.666666666666666], [18, 13]], [[2.3333333333333335, 11.333333333333332], [18.0, 4.333333333333334]], [[2.6666666666666665, 17.333333333333332], [14.0, 14.666666666666668]], [[4.333333333333333, 17.666666666666668], [18.0, 4.333333333333334]], [[10.0, 16.333333333333332], [2.6666666666666665, 17.333333333333332]], [[14.0, 14.666666666666668], [3.666666666666667, 5.666666666666666]], [[18.0, 8.666666666666668], [2.3333333333333335, 11.333333333333332]], [[18.0, 4.333333333333334], [3.666666666666667, 5.666666666666666]]]}