{"shape": "triangle", "num_sides": 3, "num_lines": 11, "num_points": 8, "num_sides_with_points": 3, "num_points_on_sides": [1, 2, 2], "vertices": [[0, 20], [15, 20], [19, 2]], "bound_edges": [[[19, 2], [0, 20]], [[0, 20], [15, 20]], [[15, 20], [19, 2]]], "points_on_edge": [[9.5, 11.0], [5.0, 20.0], [10.0, 20.0], [16.333333333333332, 14.0], [17.666666666666668, 8.0]], "inner_edges": [[[9.5, 11.0], [10.0, 20.0]], [[9.5, 11.0], [17.666666666666668, 8.0]], [[5.0, 20.0], [17.666666666666668, 8.0]], [[5.0, 20.0], [19, 2]], [[10.0, 20.0], [17.666666666666668, 8.0]], [[10.0, 20.0], [19, 2]], [[16.333333333333332, 14.0], [0, 20]], [[17.666666666666668, 8.0], [0, 20]]]}