{"shape": "quadrilateral", "num_sides": 4, "num_lines": 16, "num_points": 8, "num_sides_with_points": 2, "num_points_on_sides": [2, 2], "vertices": [[0, 9], [2, 20], [11, 18], [17, 1]], "bound_edges": [[[17, 1], [0, 9]], [[0, 9], [2, 20]], [[2, 20], [11, 18]], [[11, 18], [17, 1]]], "points_on_edge": [[5.0, 19.333333333333332], [8.0, 18.666666666666668], [11.333333333333334, 3.6666666666666665], [5.666666666666668, 6.333333333333333]], "inner_edges": [[[5.0, 19.333333333333332], [5.666666666666668, 6.333333333333333]], [[5.0, 19.333333333333332], [11.333333333333334, 3.6666666666666665]], [[5.0, 19.333333333333332], [0, 9]], [[5.0, 19.333333333333332], [17, 1]], [[8.0, 18.666666666666668], [17, 1]], [[8.0, 18.666666666666668], [0, 9]], [[8.0, 18.666666666666668], [11.333333333333334, 3.6666666666666665]], [[11.333333333333334, 3.6666666666666665], [11, 18]], [[11.333333333333334, 3.6666666666666665], [2, 20]], [[5.666666666666668, 6.333333333333333], [11, 18]], [[5.666666666666668, 6.333333333333333], [2, 20]], [[5.666666666666668, 6.333333333333333], [8.0, 18.666666666666668]]]}