{"shape": "pentagon", "num_sides": 5, "num_lines": 14, "num_points": 12, "num_sides_with_points": 5, "num_points_on_sides": [2, 1, 1, 1, 2], "vertices": [[2, 19], [16, 20], [20, 16], [17, 8], [3, 1]], "bound_edges": [[[3, 1], [2, 19]], [[2, 19], [16, 20]], [[16, 20], [20, 16]], [[20, 16], [17, 8]], [[17, 8], [3, 1]]], "points_on_edge": [[12.333333333333334, 5.666666666666667], [7.666666666666668, 3.333333333333334], [18.5, 12.0], [9.0, 19.5], [2.5, 10.0], [17.333333333333332, 18.666666666666668], [18.666666666666668, 17.333333333333332]], "inner_edges": [[[12.333333333333334, 5.666666666666667], [9.0, 19.5]], [[7.666666666666668, 3.333333333333334], [20, 16]], [[18.5, 12.0], [9.0, 19.5]], [[9.0, 19.5], [20, 16]], [[9.0, 19.5], [3, 1]], [[2.5, 10.0], [16, 20]], [[17.333333333333332, 18.666666666666668], [7.666666666666668, 3.333333333333334]], [[17.333333333333332, 18.666666666666668], [18.5, 12.0]], [[18.666666666666668, 17.333333333333332], [3, 1]]]}