{"shape": "hexagon", "num_sides": 6, "num_lines": 21, "num_points": 12, "num_sides_with_points": 3, "num_points_on_sides": [2, 2, 2], "vertices": [[0, 14], [2, 20], [16, 20], [20, 3], [18, 0], [8, 0]], "bound_edges": [[[8, 0], [0, 14]], [[0, 14], [2, 20]], [[2, 20], [16, 20]], [[16, 20], [20, 3]], [[20, 3], [18, 0]], [[18, 0], [8, 0]]], "points_on_edge": [[14.666666666666668, 0.0], [11.333333333333334, 0.0], [0.6666666666666666, 16.0], [1.3333333333333333, 18.0], [19.333333333333332, 2.0], [18.666666666666668, 1.0]], "inner_edges": [[[14.666666666666668, 0.0], [18.666666666666668, 1.0]], [[14.666666666666668, 0.0], [19.333333333333332, 2.0]], [[14.666666666666668, 0.0], [1.3333333333333333, 18.0]], [[14.666666666666668, 0.0], [16, 20]], [[11.333333333333334, 0.0], [1.3333333333333333, 18.0]], [[0.6666666666666666, 16.0], [18, 0]], [[0.6666666666666666, 16.0], [16, 20]], [[1.3333333333333333, 18.0], [18, 0]], [[19.333333333333332, 2.0], [1.3333333333333333, 18.0]], [[19.333333333333332, 2.0], [0, 14]], [[19.333333333333332, 2.0], [16, 20]], [[18.666666666666668, 1.0], [0, 14]], [[18.666666666666668, 1.0], [2, 20]], [[18.666666666666668, 1.0], [0.6666666666666666, 16.0]], [[18.666666666666668, 1.0], [8, 0]]]}