{"shape": "hexagon", "num_sides": 6, "num_lines": 13, "num_points": 10, "num_sides_with_points": 3, "num_points_on_sides": [1, 1, 2], "vertices": [[1, 12], [11, 18], [15, 18], [20, 13], [16, 0], [6, 0]], "bound_edges": [[[6, 0], [1, 12]], [[1, 12], [11, 18]], [[11, 18], [15, 18]], [[15, 18], [20, 13]], [[20, 13], [16, 0]], [[16, 0], [6, 0]]], "points_on_edge": [[17.5, 15.5], [3.5, 6.0], [12.666666666666668, 0.0], [9.333333333333334, 0.0]], "inner_edges": [[[17.5, 15.5], [9.333333333333334, 0.0]], [[3.5, 6.0], [20, 13]], [[3.5, 6.0], [11, 18]], [[12.666666666666668, 0.0], [3.5, 6.0]], [[12.666666666666668, 0.0], [1, 12]], [[9.333333333333334, 0.0], [3.5, 6.0]], [[9.333333333333334, 0.0], [1, 12]]]}