{"shape": "pentagon", "num_sides": 5, "num_lines": 22, "num_points": 10, "num_sides_with_points": 3, "num_points_on_sides": [1, 2, 2], "vertices": [[1, 18], [14, 20], [20, 17], [20, 0], [7, 0]], "bound_edges": [[[7, 0], [1, 18]], [[1, 18], [14, 20]], [[14, 20], [20, 17]], [[20, 17], [20, 0]], [[20, 0], [7, 0]]], "points_on_edge": [[4.0, 9.0], [5.333333333333333, 18.666666666666668], [9.666666666666666, 19.333333333333332], [16.0, 19.0], [18.0, 18.0]], "inner_edges": [[[4.0, 9.0], [9.666666666666666, 19.333333333333332]], [[4.0, 9.0], [20, 0]], [[4.0, 9.0], [18.0, 18.0]], [[5.333333333333333, 18.666666666666668], [4.0, 9.0]], [[5.333333333333333, 18.666666666666668], [20, 0]], [[5.333333333333333, 18.666666666666668], [7, 0]], [[5.333333333333333, 18.666666666666668], [20, 17]], [[5.333333333333333, 18.666666666666668], [16.0, 19.0]], [[9.666666666666666, 19.333333333333332], [20, 17]], [[9.666666666666666, 19.333333333333332], [20, 0]], [[9.666666666666666, 19.333333333333332], [18.0, 18.0]], [[16.0, 19.0], [20, 0]], [[16.0, 19.0], [4.0, 9.0]], [[16.0, 19.0], [1, 18]], [[16.0, 19.0], [7, 0]], [[18.0, 18.0], [7, 0]], [[18.0, 18.0], [1, 18]]]}