{"shape": "pentagon", "num_sides": 5, "num_lines": 40, "num_points": 15, "num_sides_with_points": 5, "num_points_on_sides": [2, 2, 2, 2, 2], "vertices": [[1, 20], [18, 20], [19, 7], [15, 3], [3, 0]], "bound_edges": [[[3, 0], [1, 20]], [[1, 20], [18, 20]], [[18, 20], [19, 7]], [[19, 7], [15, 3]], [[15, 3], [3, 0]]], "points_on_edge": [[2.3333333333333335, 6.666666666666666], [1.6666666666666667, 13.333333333333332], [18.333333333333332, 15.666666666666668], [18.666666666666668, 11.333333333333334], [6.666666666666666, 20.0], [12.333333333333332, 20.0], [11.0, 2.0], [7.0, 1.0], [17.666666666666668, 5.666666666666667], [16.333333333333332, 4.333333333333334]], "inner_edges": [[[2.3333333333333335, 6.666666666666666], [6.666666666666666, 20.0]], [[2.3333333333333335, 6.666666666666666], [18, 20]], [[2.3333333333333335, 6.666666666666666], [7.0, 1.0]], [[2.3333333333333335, 6.666666666666666], [19, 7]], [[2.3333333333333335, 6.666666666666666], [15, 3]], [[1.6666666666666667, 13.333333333333332], [18.666666666666668, 11.333333333333334]], [[1.6666666666666667, 13.333333333333332], [15, 3]], [[1.6666666666666667, 13.333333333333332], [17.666666666666668, 5.666666666666667]], [[18.333333333333332, 15.666666666666668], [1.6666666666666667, 13.333333333333332]], [[18.666666666666668, 11.333333333333334], [2.3333333333333335, 6.666666666666666]], [[18.666666666666668, 11.333333333333334], [16.333333333333332, 4.333333333333334]], [[6.666666666666666, 20.0], [16.333333333333332, 4.333333333333334]], [[6.666666666666666, 20.0], [1.6666666666666667, 13.333333333333332]], [[6.666666666666666, 20.0], [19, 7]], [[6.666666666666666, 20.0], [7.0, 1.0]], [[12.333333333333332, 20.0], [1.6666666666666667, 13.333333333333332]], [[11.0, 2.0], [18, 20]], [[11.0, 2.0], [1.6666666666666667, 13.333333333333332]], [[11.0, 2.0], [16.333333333333332, 4.333333333333334]], [[11.0, 2.0], [2.3333333333333335, 6.666666666666666]], [[11.0, 2.0], [6.666666666666666, 20.0]], [[7.0, 1.0], [19, 7]], [[7.0, 1.0], [12.333333333333332, 20.0]], [[7.0, 1.0], [17.666666666666668, 5.666666666666667]], [[7.0, 1.0], [18, 20]], [[7.0, 1.0], [16.333333333333332, 4.333333333333334]], [[17.666666666666668, 5.666666666666667], [2.3333333333333335, 6.666666666666666]], [[17.666666666666668, 5.666666666666667], [11.0, 2.0]], [[17.666666666666668, 5.666666666666667], [18, 20]], [[17.666666666666668, 5.666666666666667], [12.333333333333332, 20.0]], [[16.333333333333332, 4.333333333333334], [18.333333333333332, 15.666666666666668]], [[16.333333333333332, 4.333333333333334], [1, 20]], [[16.333333333333332, 4.333333333333334], [1.6666666666666667, 13.333333333333332]], [[16.333333333333332, 4.333333333333334], [2.3333333333333335, 6.666666666666666]], [[16.333333333333332, 4.333333333333334], [3, 0]]]}