{"shape": "pentagon", "num_sides": 5, "num_lines": 15, "num_points": 10, "num_sides_with_points": 3, "num_points_on_sides": [1, 2, 2], "vertices": [[2, 11], [4, 16], [19, 13], [18, 3], [11, 1]], "bound_edges": [[[11, 1], [2, 11]], [[2, 11], [4, 16]], [[4, 16], [19, 13]], [[19, 13], [18, 3]], [[18, 3], [11, 1]]], "points_on_edge": [[6.5, 6.0], [18.666666666666668, 9.666666666666668], [18.333333333333332, 6.333333333333334], [9.0, 15.0], [14.0, 14.0]], "inner_edges": [[[6.5, 6.0], [18, 3]], [[6.5, 6.0], [19, 13]], [[6.5, 6.0], [14.0, 14.0]], [[6.5, 6.0], [9.0, 15.0]], [[18.666666666666668, 9.666666666666668], [9.0, 15.0]], [[18.666666666666668, 9.666666666666668], [2, 11]], [[18.666666666666668, 9.666666666666668], [14.0, 14.0]], [[18.333333333333332, 6.333333333333334], [14.0, 14.0]], [[9.0, 15.0], [2, 11]], [[14.0, 14.0], [2, 11]]]}