{"shape": "pentagon", "num_sides": 5, "num_lines": 10, "num_points": 9, "num_sides_with_points": 3, "num_points_on_sides": [1, 1, 2], "vertices": [[0, 10], [10, 20], [20, 14], [20, 1], [14, 0]], "bound_edges": [[[14, 0], [0, 10]], [[0, 10], [10, 20]], [[10, 20], [20, 14]], [[20, 14], [20, 1]], [[20, 1], [14, 0]]], "points_on_edge": [[7.0, 5.0], [5.0, 15.0], [18.0, 0.6666666666666667], [16.0, 0.33333333333333337]], "inner_edges": [[[7.0, 5.0], [20, 14]], [[7.0, 5.0], [18.0, 0.6666666666666667]], [[5.0, 15.0], [16.0, 0.33333333333333337]], [[18.0, 0.6666666666666667], [0, 10]], [[16.0, 0.33333333333333337], [0, 10]]]}