{"shape": "quadrilateral", "num_sides": 4, "num_lines": 11, "num_points": 11, "num_sides_with_points": 4, "num_points_on_sides": [1, 2, 2, 2], "vertices": [[0, 13], [5, 20], [20, 19], [20, 4]], "bound_edges": [[[20, 4], [0, 13]], [[0, 13], [5, 20]], [[5, 20], [20, 19]], [[20, 19], [20, 4]]], "points_on_edge": [[20.0, 11.5], [1.6666666666666665, 15.333333333333332], [3.333333333333333, 17.666666666666664], [13.333333333333334, 7.0], [6.666666666666668, 10.0], [10.0, 19.666666666666668], [15.0, 19.333333333333332]], "inner_edges": [[[20.0, 11.5], [5, 20]], [[1.6666666666666665, 15.333333333333332], [13.333333333333334, 7.0]], [[3.333333333333333, 17.666666666666664], [20.0, 11.5]], [[13.333333333333334, 7.0], [3.333333333333333, 17.666666666666664]], [[6.666666666666668, 10.0], [5, 20]], [[10.0, 19.666666666666668], [13.333333333333334, 7.0]], [[15.0, 19.333333333333332], [6.666666666666668, 10.0]]]}