{"shape": "quadrilateral", "num_sides": 4, "num_lines": 24, "num_points": 11, "num_sides_with_points": 4, "num_points_on_sides": [2, 2, 2, 1], "vertices": [[1, 15], [2, 20], [20, 18], [19, 1]], "bound_edges": [[[19, 1], [1, 15]], [[1, 15], [2, 20]], [[2, 20], [20, 18]], [[20, 18], [19, 1]]], "points_on_edge": [[13.0, 5.666666666666666], [7.0, 10.333333333333332], [1.3333333333333333, 16.666666666666668], [1.6666666666666665, 18.333333333333332], [19.666666666666668, 12.333333333333334], [19.333333333333332, 6.666666666666668], [11.0, 19.0]], "inner_edges": [[[13.0, 5.666666666666666], [2, 20]], [[13.0, 5.666666666666666], [1.6666666666666665, 18.333333333333332]], [[7.0, 10.333333333333332], [19.666666666666668, 12.333333333333334]], [[7.0, 10.333333333333332], [11.0, 19.0]], [[1.3333333333333333, 16.666666666666668], [11.0, 19.0]], [[1.3333333333333333, 16.666666666666668], [19.666666666666668, 12.333333333333334]], [[1.3333333333333333, 16.666666666666668], [7.0, 10.333333333333332]], [[1.6666666666666665, 18.333333333333332], [20, 18]], [[1.6666666666666665, 18.333333333333332], [19.666666666666668, 12.333333333333334]], [[1.6666666666666665, 18.333333333333332], [19, 1]], [[19.666666666666668, 12.333333333333334], [13.0, 5.666666666666666]], [[19.666666666666668, 12.333333333333334], [2, 20]], [[19.666666666666668, 12.333333333333334], [11.0, 19.0]], [[19.666666666666668, 12.333333333333334], [1, 15]], [[19.333333333333332, 6.666666666666668], [1, 15]], [[19.333333333333332, 6.666666666666668], [2, 20]], [[19.333333333333332, 6.666666666666668], [1.3333333333333333, 16.666666666666668]], [[11.0, 19.0], [1.6666666666666665, 18.333333333333332]], [[11.0, 19.0], [1, 15]], [[11.0, 19.0], [19.333333333333332, 6.666666666666668]]]}