{"shape": "quadrilateral", "num_sides": 4, "num_lines": 9, "num_points": 9, "num_sides_with_points": 3, "num_points_on_sides": [1, 2, 2], "vertices": [[0, 11], [5, 15], [20, 14], [13, 1]], "bound_edges": [[[13, 1], [0, 11]], [[0, 11], [5, 15]], [[5, 15], [20, 14]], [[20, 14], [13, 1]]], "points_on_edge": [[2.5, 13.0], [17.666666666666668, 9.666666666666668], [15.333333333333334, 5.333333333333334], [8.666666666666668, 4.333333333333333], [4.333333333333334, 7.666666666666666]], "inner_edges": [[[2.5, 13.0], [4.333333333333334, 7.666666666666666]], [[17.666666666666668, 9.666666666666668], [8.666666666666668, 4.333333333333333]], [[15.333333333333334, 5.333333333333334], [8.666666666666668, 4.333333333333333]], [[8.666666666666668, 4.333333333333333], [5, 15]], [[4.333333333333334, 7.666666666666666], [17.666666666666668, 9.666666666666668]]]}