{"shape": "pentagon", "num_sides": 5, "num_lines": 21, "num_points": 10, "num_sides_with_points": 4, "num_points_on_sides": [1, 1, 1, 2], "vertices": [[0, 11], [1, 17], [20, 19], [20, 3], [13, 1]], "bound_edges": [[[13, 1], [0, 11]], [[0, 11], [1, 17]], [[1, 17], [20, 19]], [[20, 19], [20, 3]], [[20, 3], [13, 1]]], "points_on_edge": [[0.5, 14.0], [10.5, 18.0], [16.5, 2.0], [8.666666666666668, 4.333333333333333], [4.333333333333334, 7.666666666666666]], "inner_edges": [[[0.5, 14.0], [10.5, 18.0]], [[0.5, 14.0], [16.5, 2.0]], [[10.5, 18.0], [4.333333333333334, 7.666666666666666]], [[10.5, 18.0], [20, 3]], [[10.5, 18.0], [8.666666666666668, 4.333333333333333]], [[10.5, 18.0], [16.5, 2.0]], [[16.5, 2.0], [20, 19]], [[16.5, 2.0], [1, 17]], [[16.5, 2.0], [4.333333333333334, 7.666666666666666]], [[16.5, 2.0], [8.666666666666668, 4.333333333333333]], [[16.5, 2.0], [0, 11]], [[8.666666666666668, 4.333333333333333], [20, 3]], [[8.666666666666668, 4.333333333333333], [1, 17]], [[8.666666666666668, 4.333333333333333], [20, 19]], [[8.666666666666668, 4.333333333333333], [0.5, 14.0]], [[4.333333333333334, 7.666666666666666], [20, 19]]]}