{"shape": "pentagon", "num_sides": 5, "num_lines": 24, "num_points": 12, "num_sides_with_points": 5, "num_points_on_sides": [2, 1, 1, 1, 2], "vertices": [[1, 16], [5, 20], [18, 17], [19, 8], [16, 2]], "bound_edges": [[[16, 2], [1, 16]], [[1, 16], [5, 20]], [[5, 20], [18, 17]], [[18, 17], [19, 8]], [[19, 8], [16, 2]]], "points_on_edge": [[18.0, 6.0], [17.0, 4.0], [18.5, 12.5], [8.5, 9.0], [3.0, 18.0], [9.333333333333332, 19.0], [13.666666666666666, 18.0]], "inner_edges": [[[18.0, 6.0], [18, 17]], [[18.0, 6.0], [5, 20]], [[17.0, 4.0], [18, 17]], [[17.0, 4.0], [5, 20]], [[17.0, 4.0], [8.5, 9.0]], [[18.5, 12.5], [17.0, 4.0]], [[18.5, 12.5], [5, 20]], [[18.5, 12.5], [18.0, 6.0]], [[18.5, 12.5], [8.5, 9.0]], [[8.5, 9.0], [9.333333333333332, 19.0]], [[8.5, 9.0], [18.0, 6.0]], [[8.5, 9.0], [18, 17]], [[8.5, 9.0], [19, 8]], [[3.0, 18.0], [8.5, 9.0]], [[9.333333333333332, 19.0], [18.0, 6.0]], [[13.666666666666666, 18.0], [19, 8]], [[13.666666666666666, 18.0], [18.0, 6.0]], [[13.666666666666666, 18.0], [3.0, 18.0]], [[13.666666666666666, 18.0], [16, 2]]]}