{"shape": "quadrilateral", "num_sides": 4, "num_lines": 12, "num_points": 10, "num_sides_with_points": 4, "num_points_on_sides": [2, 1, 2, 1], "vertices": [[0, 20], [20, 16], [20, 7], [16, 3]], "bound_edges": [[[16, 3], [0, 20]], [[0, 20], [20, 16]], [[20, 16], [20, 7]], [[20, 7], [16, 3]]], "points_on_edge": [[18.666666666666668, 5.666666666666667], [17.333333333333332, 4.333333333333334], [20.0, 11.5], [10.666666666666668, 8.666666666666666], [5.333333333333334, 14.333333333333332], [10.0, 18.0]], "inner_edges": [[[18.666666666666668, 5.666666666666667], [20.0, 11.5]], [[18.666666666666668, 5.666666666666667], [10.666666666666668, 8.666666666666666]], [[17.333333333333332, 4.333333333333334], [20.0, 11.5]], [[17.333333333333332, 4.333333333333334], [10.0, 18.0]], [[20.0, 11.5], [10.0, 18.0]], [[10.666666666666668, 8.666666666666666], [20, 16]], [[5.333333333333334, 14.333333333333332], [20, 7]], [[10.0, 18.0], [18.666666666666668, 5.666666666666667]]]}