{"shape": "hexagon", "num_sides": 6, "num_lines": 15, "num_points": 15, "num_sides_with_points": 5, "num_points_on_sides": [2, 1, 2, 2, 2], "vertices": [[0, 13], [3, 17], [11, 20], [17, 17], [17, 5], [11, 0]], "bound_edges": [[[11, 0], [0, 13]], [[0, 13], [3, 17]], [[3, 17], [11, 20]], [[11, 20], [17, 17]], [[17, 17], [17, 5]], [[17, 5], [11, 0]]], "points_on_edge": [[5.666666666666666, 18.0], [8.333333333333332, 19.0], [17.0, 11.0], [15.0, 3.3333333333333335], [13.0, 1.666666666666667], [7.333333333333334, 4.333333333333333], [3.666666666666667, 8.666666666666666], [13.0, 19.0], [15.0, 18.0]], "inner_edges": [[[5.666666666666666, 18.0], [13.0, 19.0]], [[8.333333333333332, 19.0], [7.333333333333334, 4.333333333333333]], [[17.0, 11.0], [8.333333333333332, 19.0]], [[15.0, 3.3333333333333335], [8.333333333333332, 19.0]], [[13.0, 1.666666666666667], [5.666666666666666, 18.0]], [[7.333333333333334, 4.333333333333333], [11, 20]], [[3.666666666666667, 8.666666666666666], [17, 5]], [[13.0, 19.0], [17.0, 11.0]], [[15.0, 18.0], [8.333333333333332, 19.0]]]}