{"shape": "hexagon", "num_sides": 6, "num_lines": 12, "num_points": 9, "num_sides_with_points": 2, "num_points_on_sides": [2, 1], "vertices": [[0, 5], [2, 15], [14, 18], [20, 2], [17, 0], [7, 0]], "bound_edges": [[[7, 0], [0, 5]], [[0, 5], [2, 15]], [[2, 15], [14, 18]], [[14, 18], [20, 2]], [[20, 2], [17, 0]], [[17, 0], [7, 0]]], "points_on_edge": [[16.0, 12.666666666666668], [18.0, 7.333333333333334], [3.5, 2.5]], "inner_edges": [[[16.0, 12.666666666666668], [0, 5]], [[16.0, 12.666666666666668], [3.5, 2.5]], [[16.0, 12.666666666666668], [2, 15]], [[18.0, 7.333333333333334], [3.5, 2.5]], [[18.0, 7.333333333333334], [7, 0]], [[3.5, 2.5], [14, 18]]]}