{"shape": "triangle", "num_sides": 3, "num_lines": 9, "num_points": 7, "num_sides_with_points": 3, "num_points_on_sides": [1, 2, 1], "vertices": [[2, 18], [20, 20], [18, 2]], "bound_edges": [[[18, 2], [2, 18]], [[2, 18], [20, 20]], [[20, 20], [18, 2]]], "points_on_edge": [[11.0, 19.0], [12.666666666666668, 7.333333333333333], [7.333333333333334, 12.666666666666666], [19.0, 11.0]], "inner_edges": [[[11.0, 19.0], [18, 2]], [[12.666666666666668, 7.333333333333333], [20, 20]], [[7.333333333333334, 12.666666666666666], [19.0, 11.0]], [[7.333333333333334, 12.666666666666666], [11.0, 19.0]], [[19.0, 11.0], [11.0, 19.0]], [[19.0, 11.0], [12.666666666666668, 7.333333333333333]]]}