{"shape": "quadrilateral", "num_sides": 4, "num_lines": 10, "num_points": 10, "num_sides_with_points": 4, "num_points_on_sides": [2, 1, 2, 1], "vertices": [[1, 9], [5, 20], [17, 17], [18, 4]], "bound_edges": [[[18, 4], [1, 9]], [[1, 9], [5, 20]], [[5, 20], [17, 17]], [[17, 17], [18, 4]]], "points_on_edge": [[9.0, 19.0], [13.0, 18.0], [17.5, 10.5], [12.333333333333334, 5.666666666666666], [6.666666666666668, 7.333333333333333], [3.0, 14.5]], "inner_edges": [[[9.0, 19.0], [17.5, 10.5]], [[13.0, 18.0], [17.5, 10.5]], [[17.5, 10.5], [1, 9]], [[12.333333333333334, 5.666666666666666], [13.0, 18.0]], [[6.666666666666668, 7.333333333333333], [17.5, 10.5]], [[3.0, 14.5], [6.666666666666668, 7.333333333333333]]]}