{"shape": "pentagon", "num_sides": 5, "num_lines": 12, "num_points": 9, "num_sides_with_points": 3, "num_points_on_sides": [2, 1, 1], "vertices": [[2, 14], [3, 20], [15, 19], [20, 11], [18, 1]], "bound_edges": [[[18, 1], [2, 14]], [[2, 14], [3, 20]], [[3, 20], [15, 19]], [[15, 19], [20, 11]], [[20, 11], [18, 1]]], "points_on_edge": [[2.3333333333333335, 16.0], [2.6666666666666665, 18.0], [9.0, 19.5], [19.0, 6.0]], "inner_edges": [[[2.3333333333333335, 16.0], [19.0, 6.0]], [[2.6666666666666665, 18.0], [15, 19]], [[2.6666666666666665, 18.0], [20, 11]], [[2.6666666666666665, 18.0], [9.0, 19.5]], [[9.0, 19.5], [2, 14]], [[9.0, 19.5], [18, 1]], [[19.0, 6.0], [15, 19]]]}