{"shape": "pentagon", "num_sides": 5, "num_lines": 19, "num_points": 12, "num_sides_with_points": 4, "num_points_on_sides": [2, 1, 2, 2], "vertices": [[0, 1], [3, 17], [12, 20], [20, 17], [18, 0]], "bound_edges": [[[18, 0], [0, 1]], [[0, 1], [3, 17]], [[3, 17], [12, 20]], [[12, 20], [20, 17]], [[20, 17], [18, 0]]], "points_on_edge": [[19.333333333333332, 11.333333333333334], [18.666666666666668, 5.666666666666668], [9.0, 0.5], [6.0, 18.0], [9.0, 19.0], [1.0, 6.333333333333333], [2.0, 11.666666666666666]], "inner_edges": [[[19.333333333333332, 11.333333333333334], [9.0, 0.5]], [[18.666666666666668, 5.666666666666668], [6.0, 18.0]], [[18.666666666666668, 5.666666666666668], [3, 17]], [[9.0, 0.5], [9.0, 19.0]], [[9.0, 0.5], [2.0, 11.666666666666666]], [[6.0, 18.0], [1.0, 6.333333333333333]], [[6.0, 18.0], [0, 1]], [[9.0, 19.0], [20, 17]], [[9.0, 19.0], [19.333333333333332, 11.333333333333334]], [[9.0, 19.0], [18.666666666666668, 5.666666666666668]], [[1.0, 6.333333333333333], [19.333333333333332, 11.333333333333334]], [[2.0, 11.666666666666666], [18.666666666666668, 5.666666666666668]], [[2.0, 11.666666666666666], [18, 0]], [[2.0, 11.666666666666666], [12, 20]]]}