{"shape": "hexagon", "num_sides": 6, "num_lines": 15, "num_points": 11, "num_sides_with_points": 3, "num_points_on_sides": [1, 2, 2], "vertices": [[0, 14], [4, 18], [14, 17], [17, 13], [17, 2], [12, 0]], "bound_edges": [[[12, 0], [0, 14]], [[0, 14], [4, 18]], [[4, 18], [14, 17]], [[14, 17], [17, 13]], [[17, 13], [17, 2]], [[17, 2], [12, 0]]], "points_on_edge": [[2.0, 16.0], [15.333333333333334, 1.3333333333333335], [13.666666666666668, 0.6666666666666667], [15.0, 15.666666666666666], [16.0, 14.333333333333334]], "inner_edges": [[[2.0, 16.0], [13.666666666666668, 0.6666666666666667]], [[15.333333333333334, 1.3333333333333335], [0, 14]], [[15.333333333333334, 1.3333333333333335], [16.0, 14.333333333333334]], [[15.333333333333334, 1.3333333333333335], [17, 13]], [[13.666666666666668, 0.6666666666666667], [14, 17]], [[15.0, 15.666666666666666], [12, 0]], [[15.0, 15.666666666666666], [2.0, 16.0]], [[16.0, 14.333333333333334], [17, 2]], [[16.0, 14.333333333333334], [2.0, 16.0]]]}