{"shape": "quadrilateral", "num_sides": 4, "num_lines": 12, "num_points": 7, "num_sides_with_points": 2, "num_points_on_sides": [1, 2], "vertices": [[3, 19], [9, 20], [18, 13], [18, 3]], "bound_edges": [[[18, 3], [3, 19]], [[3, 19], [9, 20]], [[9, 20], [18, 13]], [[18, 13], [18, 3]]], "points_on_edge": [[13.5, 16.5], [13.0, 8.333333333333332], [8.0, 13.666666666666666]], "inner_edges": [[[13.5, 16.5], [18, 3]], [[13.5, 16.5], [8.0, 13.666666666666666]], [[13.5, 16.5], [3, 19]], [[13.5, 16.5], [13.0, 8.333333333333332]], [[13.0, 8.333333333333332], [9, 20]], [[13.0, 8.333333333333332], [18, 13]], [[8.0, 13.666666666666666], [18, 13]], [[8.0, 13.666666666666666], [9, 20]]]}