{"shape": "quadrilateral", "num_sides": 4, "num_lines": 9, "num_points": 9, "num_sides_with_points": 4, "num_points_on_sides": [1, 2, 1, 1], "vertices": [[0, 5], [1, 20], [19, 20], [20, 0]], "bound_edges": [[[20, 0], [0, 5]], [[0, 5], [1, 20]], [[1, 20], [19, 20]], [[19, 20], [20, 0]]], "points_on_edge": [[0.5, 12.5], [19.333333333333332, 13.333333333333334], [19.666666666666668, 6.666666666666668], [10.0, 2.5], [10.0, 20.0]], "inner_edges": [[[0.5, 12.5], [10.0, 20.0]], [[19.333333333333332, 13.333333333333334], [10.0, 20.0]], [[19.666666666666668, 6.666666666666668], [10.0, 20.0]], [[10.0, 2.5], [10.0, 20.0]], [[10.0, 20.0], [0, 5]]]}