{"shape": "pentagon", "num_sides": 5, "num_lines": 13, "num_points": 10, "num_sides_with_points": 3, "num_points_on_sides": [1, 2, 2], "vertices": [[0, 7], [12, 19], [19, 20], [20, 8], [15, 2]], "bound_edges": [[[15, 2], [0, 7]], [[0, 7], [12, 19]], [[12, 19], [19, 20]], [[19, 20], [20, 8]], [[20, 8], [15, 2]]], "points_on_edge": [[7.5, 4.5], [19.333333333333332, 16.0], [19.666666666666668, 12.0], [4.0, 11.0], [8.0, 15.0]], "inner_edges": [[[7.5, 4.5], [19.666666666666668, 12.0]], [[19.333333333333332, 16.0], [15, 2]], [[19.333333333333332, 16.0], [7.5, 4.5]], [[19.666666666666668, 12.0], [15, 2]], [[19.666666666666668, 12.0], [4.0, 11.0]], [[4.0, 11.0], [7.5, 4.5]], [[4.0, 11.0], [19.333333333333332, 16.0]], [[8.0, 15.0], [15, 2]]]}