{"shape": "hexagon", "num_sides": 6, "num_lines": 12, "num_points": 9, "num_sides_with_points": 2, "num_points_on_sides": [2, 1], "vertices": [[4, 18], [8, 20], [17, 18], [20, 7], [17, 1], [11, 0]], "bound_edges": [[[11, 0], [4, 18]], [[4, 18], [8, 20]], [[8, 20], [17, 18]], [[17, 18], [20, 7]], [[20, 7], [17, 1]], [[17, 1], [11, 0]]], "points_on_edge": [[11.0, 19.333333333333332], [14.0, 18.666666666666668], [6.0, 19.0]], "inner_edges": [[[11.0, 19.333333333333332], [6.0, 19.0]], [[11.0, 19.333333333333332], [11, 0]], [[14.0, 18.666666666666668], [4, 18]], [[14.0, 18.666666666666668], [6.0, 19.0]], [[6.0, 19.0], [17, 1]], [[6.0, 19.0], [11, 0]]]}