{"shape": "pentagon", "num_sides": 5, "num_lines": 10, "num_points": 10, "num_sides_with_points": 4, "num_points_on_sides": [1, 1, 1, 2], "vertices": [[0, 11], [6, 19], [20, 15], [19, 2], [15, 1]], "bound_edges": [[[15, 1], [0, 11]], [[0, 11], [6, 19]], [[6, 19], [20, 15]], [[20, 15], [19, 2]], [[19, 2], [15, 1]]], "points_on_edge": [[13.0, 17.0], [7.5, 6.0], [17.0, 1.5], [2.0, 13.666666666666666], [4.0, 16.333333333333332]], "inner_edges": [[[13.0, 17.0], [19, 2]], [[7.5, 6.0], [20, 15]], [[17.0, 1.5], [7.5, 6.0]], [[2.0, 13.666666666666666], [7.5, 6.0]], [[4.0, 16.333333333333332], [13.0, 17.0]]]}