{"shape": "quadrilateral", "num_sides": 4, "num_lines": 9, "num_points": 9, "num_sides_with_points": 3, "num_points_on_sides": [2, 2, 1], "vertices": [[0, 20], [13, 20], [20, 0], [2, 0]], "bound_edges": [[[2, 0], [0, 20]], [[0, 20], [13, 20]], [[13, 20], [20, 0]], [[20, 0], [2, 0]]], "points_on_edge": [[4.333333333333333, 20.0], [8.666666666666666, 20.0], [1.3333333333333335, 6.666666666666666], [0.6666666666666667, 13.333333333333332], [11.0, 0.0]], "inner_edges": [[[4.333333333333333, 20.0], [11.0, 0.0]], [[8.666666666666666, 20.0], [11.0, 0.0]], [[1.3333333333333335, 6.666666666666666], [13, 20]], [[0.6666666666666667, 13.333333333333332], [4.333333333333333, 20.0]], [[11.0, 0.0], [0, 20]]]}