{"shape": "pentagon", "num_sides": 5, "num_lines": 20, "num_points": 13, "num_sides_with_points": 5, "num_points_on_sides": [2, 2, 2, 1, 1], "vertices": [[0, 15], [11, 19], [17, 15], [20, 2], [7, 0]], "bound_edges": [[[7, 0], [0, 15]], [[0, 15], [11, 19]], [[11, 19], [17, 15]], [[17, 15], [20, 2]], [[20, 2], [7, 0]]], "points_on_edge": [[15.666666666666668, 1.3333333333333335], [11.333333333333334, 0.6666666666666667], [3.6666666666666665, 16.333333333333332], [7.333333333333333, 17.666666666666668], [4.666666666666667, 5.0], [2.333333333333334, 10.0], [14.0, 17.0], [18.5, 8.5]], "inner_edges": [[[15.666666666666668, 1.3333333333333335], [3.6666666666666665, 16.333333333333332]], [[15.666666666666668, 1.3333333333333335], [14.0, 17.0]], [[11.333333333333334, 0.6666666666666667], [7.333333333333333, 17.666666666666668]], [[11.333333333333334, 0.6666666666666667], [4.666666666666667, 5.0]], [[3.6666666666666665, 16.333333333333332], [2.333333333333334, 10.0]], [[3.6666666666666665, 16.333333333333332], [4.666666666666667, 5.0]], [[7.333333333333333, 17.666666666666668], [2.333333333333334, 10.0]], [[4.666666666666667, 5.0], [17, 15]], [[4.666666666666667, 5.0], [20, 2]], [[2.333333333333334, 10.0], [11, 19]], [[2.333333333333334, 10.0], [11.333333333333334, 0.6666666666666667]], [[14.0, 17.0], [20, 2]], [[14.0, 17.0], [7, 0]], [[18.5, 8.5], [11.333333333333334, 0.6666666666666667]], [[18.5, 8.5], [0, 15]]]}