{"shape": "pentagon", "num_sides": 5, "num_lines": 15, "num_points": 8, "num_sides_with_points": 2, "num_points_on_sides": [1, 2], "vertices": [[1, 14], [17, 20], [20, 18], [17, 3], [9, 1]], "bound_edges": [[[9, 1], [1, 14]], [[1, 14], [17, 20]], [[17, 20], [20, 18]], [[20, 18], [17, 3]], [[17, 3], [9, 1]]], "points_on_edge": [[18.5, 10.5], [14.333333333333334, 2.3333333333333335], [11.666666666666668, 1.6666666666666667]], "inner_edges": [[[18.5, 10.5], [9, 1]], [[18.5, 10.5], [14.333333333333334, 2.3333333333333335]], [[18.5, 10.5], [17, 20]], [[18.5, 10.5], [11.666666666666668, 1.6666666666666667]], [[14.333333333333334, 2.3333333333333335], [1, 14]], [[14.333333333333334, 2.3333333333333335], [17, 20]], [[14.333333333333334, 2.3333333333333335], [20, 18]], [[11.666666666666668, 1.6666666666666667], [1, 14]], [[11.666666666666668, 1.6666666666666667], [17, 20]], [[11.666666666666668, 1.6666666666666667], [20, 18]]]}