{"shape": "pentagon", "num_sides": 5, "num_lines": 15, "num_points": 8, "num_sides_with_points": 2, "num_points_on_sides": [1, 2], "vertices": [[1, 16], [10, 20], [15, 16], [18, 7], [6, 1]], "bound_edges": [[[6, 1], [1, 16]], [[1, 16], [10, 20]], [[10, 20], [15, 16]], [[15, 16], [18, 7]], [[18, 7], [6, 1]]], "points_on_edge": [[3.5, 8.5], [11.666666666666666, 18.666666666666668], [13.333333333333332, 17.333333333333332]], "inner_edges": [[[3.5, 8.5], [11.666666666666666, 18.666666666666668]], [[3.5, 8.5], [15, 16]], [[3.5, 8.5], [10, 20]], [[11.666666666666666, 18.666666666666668], [6, 1]], [[11.666666666666666, 18.666666666666668], [1, 16]], [[11.666666666666666, 18.666666666666668], [18, 7]], [[13.333333333333332, 17.333333333333332], [1, 16]], [[13.333333333333332, 17.333333333333332], [6, 1]], [[13.333333333333332, 17.333333333333332], [3.5, 8.5]], [[13.333333333333332, 17.333333333333332], [18, 7]]]}