{"shape": "quadrilateral", "num_sides": 4, "num_lines": 11, "num_points": 7, "num_sides_with_points": 2, "num_points_on_sides": [2, 1], "vertices": [[0, 13], [11, 19], [20, 15], [18, 1]], "bound_edges": [[[18, 1], [0, 13]], [[0, 13], [11, 19]], [[11, 19], [20, 15]], [[20, 15], [18, 1]]], "points_on_edge": [[19.333333333333332, 10.333333333333334], [18.666666666666668, 5.666666666666668], [5.5, 16.0]], "inner_edges": [[[19.333333333333332, 10.333333333333334], [0, 13]], [[19.333333333333332, 10.333333333333334], [5.5, 16.0]], [[19.333333333333332, 10.333333333333334], [11, 19]], [[18.666666666666668, 5.666666666666668], [5.5, 16.0]], [[18.666666666666668, 5.666666666666668], [0, 13]], [[5.5, 16.0], [20, 15]], [[5.5, 16.0], [18, 1]]]}