{"shape": "other", "num_sides": 7, "num_lines": 17, "num_points": 11, "num_sides_with_points": 2, "num_points_on_sides": [2, 2], "vertices": [[0, 14], [2, 19], [9, 20], [19, 14], [20, 4], [17, 1], [3, 0]], "bound_edges": [[[3, 0], [0, 14]], [[0, 14], [2, 19]], [[2, 19], [9, 20]], [[9, 20], [19, 14]], [[19, 14], [20, 4]], [[20, 4], [17, 1]], [[17, 1], [3, 0]]], "points_on_edge": [[4.333333333333333, 19.333333333333332], [6.666666666666666, 19.666666666666668], [19.333333333333332, 10.666666666666668], [19.666666666666668, 7.333333333333334]], "inner_edges": [[[4.333333333333333, 19.333333333333332], [19.666666666666668, 7.333333333333334]], [[4.333333333333333, 19.333333333333332], [3, 0]], [[4.333333333333333, 19.333333333333332], [0, 14]], [[6.666666666666666, 19.666666666666668], [19.666666666666668, 7.333333333333334]], [[6.666666666666666, 19.666666666666668], [3, 0]], [[19.333333333333332, 10.666666666666668], [9, 20]], [[19.333333333333332, 10.666666666666668], [17, 1]], [[19.666666666666668, 7.333333333333334], [0, 14]], [[19.666666666666668, 7.333333333333334], [9, 20]], [[19.666666666666668, 7.333333333333334], [2, 19]]]}