{"shape": "hexagon", "num_sides": 6, "num_lines": 22, "num_points": 13, "num_sides_with_points": 4, "num_points_on_sides": [2, 2, 1, 2], "vertices": [[5, 20], [14, 18], [19, 13], [20, 6], [17, 1], [10, 0]], "bound_edges": [[[10, 0], [5, 20]], [[5, 20], [14, 18]], [[14, 18], [19, 13]], [[19, 13], [20, 6]], [[20, 6], [17, 1]], [[17, 1], [10, 0]]], "points_on_edge": [[8.333333333333334, 6.666666666666666], [6.666666666666667, 13.333333333333332], [19.333333333333332, 10.666666666666668], [19.666666666666668, 8.333333333333334], [13.5, 0.5], [19.0, 4.333333333333334], [18.0, 2.666666666666667]], "inner_edges": [[[8.333333333333334, 6.666666666666666], [19, 13]], [[6.666666666666667, 13.333333333333332], [14, 18]], [[19.333333333333332, 10.666666666666668], [6.666666666666667, 13.333333333333332]], [[19.333333333333332, 10.666666666666668], [18.0, 2.666666666666667]], [[19.333333333333332, 10.666666666666668], [14, 18]], [[19.333333333333332, 10.666666666666668], [13.5, 0.5]], [[19.666666666666668, 8.333333333333334], [19.0, 4.333333333333334]], [[19.666666666666668, 8.333333333333334], [13.5, 0.5]], [[19.666666666666668, 8.333333333333334], [6.666666666666667, 13.333333333333332]], [[13.5, 0.5], [8.333333333333334, 6.666666666666666]], [[13.5, 0.5], [19, 13]], [[13.5, 0.5], [6.666666666666667, 13.333333333333332]], [[19.0, 4.333333333333334], [8.333333333333334, 6.666666666666666]], [[19.0, 4.333333333333334], [10, 0]], [[18.0, 2.666666666666667], [19.666666666666668, 8.333333333333334]], [[18.0, 2.666666666666667], [5, 20]]]}