{"shape": "quadrilateral", "num_sides": 4, "num_lines": 10, "num_points": 8, "num_sides_with_points": 3, "num_points_on_sides": [1, 2, 1], "vertices": [[0, 16], [16, 18], [20, 10], [17, 1]], "bound_edges": [[[17, 1], [0, 16]], [[0, 16], [16, 18]], [[16, 18], [20, 10]], [[20, 10], [17, 1]]], "points_on_edge": [[18.0, 14.0], [5.333333333333333, 16.666666666666668], [10.666666666666666, 17.333333333333332], [18.5, 5.5]], "inner_edges": [[[18.0, 14.0], [18.5, 5.5]], [[18.0, 14.0], [10.666666666666666, 17.333333333333332]], [[5.333333333333333, 16.666666666666668], [20, 10]], [[10.666666666666666, 17.333333333333332], [18.5, 5.5]], [[18.5, 5.5], [5.333333333333333, 16.666666666666668]], [[18.5, 5.5], [16, 18]]]}