{"shape": "pentagon", "num_sides": 5, "num_lines": 11, "num_points": 11, "num_sides_with_points": 5, "num_points_on_sides": [1, 1, 1, 2, 1], "vertices": [[0, 13], [4, 18], [20, 18], [20, 0], [13, 0]], "bound_edges": [[[13, 0], [0, 13]], [[0, 13], [4, 18]], [[4, 18], [20, 18]], [[20, 18], [20, 0]], [[20, 0], [13, 0]]], "points_on_edge": [[2.0, 15.5], [16.5, 0.0], [20.0, 9.0], [8.666666666666668, 4.333333333333333], [4.333333333333334, 8.666666666666666], [12.0, 18.0]], "inner_edges": [[[2.0, 15.5], [4.333333333333334, 8.666666666666666]], [[16.5, 0.0], [4, 18]], [[20.0, 9.0], [2.0, 15.5]], [[8.666666666666668, 4.333333333333333], [20, 18]], [[4.333333333333334, 8.666666666666666], [20, 18]], [[12.0, 18.0], [20.0, 9.0]]]}