{"shape": "quadrilateral", "num_sides": 4, "num_lines": 21, "num_points": 10, "num_sides_with_points": 4, "num_points_on_sides": [2, 1, 1, 2], "vertices": [[0, 5], [1, 20], [19, 18], [20, 1]], "bound_edges": [[[20, 1], [0, 5]], [[0, 5], [1, 20]], [[1, 20], [19, 18]], [[19, 18], [20, 1]]], "points_on_edge": [[13.333333333333334, 2.333333333333333], [6.666666666666668, 3.6666666666666665], [10.0, 19.0], [19.5, 9.5], [0.3333333333333333, 10.0], [0.6666666666666666, 15.0]], "inner_edges": [[[13.333333333333334, 2.333333333333333], [19.5, 9.5]], [[13.333333333333334, 2.333333333333333], [0.6666666666666666, 15.0]], [[6.666666666666668, 3.6666666666666665], [1, 20]], [[6.666666666666668, 3.6666666666666665], [0.3333333333333333, 10.0]], [[6.666666666666668, 3.6666666666666665], [19.5, 9.5]], [[6.666666666666668, 3.6666666666666665], [10.0, 19.0]], [[10.0, 19.0], [20, 1]], [[19.5, 9.5], [0.6666666666666666, 15.0]], [[19.5, 9.5], [0.3333333333333333, 10.0]], [[19.5, 9.5], [0, 5]], [[19.5, 9.5], [10.0, 19.0]], [[0.3333333333333333, 10.0], [13.333333333333334, 2.333333333333333]], [[0.3333333333333333, 10.0], [10.0, 19.0]], [[0.6666666666666666, 15.0], [6.666666666666668, 3.6666666666666665]], [[0.6666666666666666, 15.0], [20, 1]], [[0.6666666666666666, 15.0], [10.0, 19.0]], [[0.6666666666666666, 15.0], [19, 18]]]}