{"shape": "pentagon", "num_sides": 5, "num_lines": 11, "num_points": 9, "num_sides_with_points": 2, "num_points_on_sides": [2, 2], "vertices": [[1, 14], [2, 20], [20, 18], [20, 5], [11, 2]], "bound_edges": [[[11, 2], [1, 14]], [[1, 14], [2, 20]], [[2, 20], [20, 18]], [[20, 18], [20, 5]], [[20, 5], [11, 2]]], "points_on_edge": [[1.3333333333333333, 16.0], [1.6666666666666665, 18.0], [7.666666666666667, 6.0], [4.333333333333334, 10.0]], "inner_edges": [[[1.3333333333333333, 16.0], [20, 18]], [[1.6666666666666665, 18.0], [11, 2]], [[1.6666666666666665, 18.0], [20, 18]], [[7.666666666666667, 6.0], [2, 20]], [[4.333333333333334, 10.0], [20, 5]], [[4.333333333333334, 10.0], [1.3333333333333333, 16.0]]]}