{"shape": "quadrilateral", "num_sides": 4, "num_lines": 19, "num_points": 10, "num_sides_with_points": 4, "num_points_on_sides": [2, 1, 1, 2], "vertices": [[0, 10], [2, 20], [20, 20], [19, 0]], "bound_edges": [[[19, 0], [0, 10]], [[0, 10], [2, 20]], [[2, 20], [20, 20]], [[20, 20], [19, 0]]], "points_on_edge": [[8.0, 20.0], [14.0, 20.0], [9.5, 5.0], [19.5, 10.0], [0.6666666666666666, 13.333333333333332], [1.3333333333333333, 16.666666666666664]], "inner_edges": [[[8.0, 20.0], [9.5, 5.0]], [[8.0, 20.0], [19, 0]], [[8.0, 20.0], [19.5, 10.0]], [[14.0, 20.0], [19, 0]], [[14.0, 20.0], [0.6666666666666666, 13.333333333333332]], [[14.0, 20.0], [1.3333333333333333, 16.666666666666664]], [[9.5, 5.0], [14.0, 20.0]], [[19.5, 10.0], [0.6666666666666666, 13.333333333333332]], [[19.5, 10.0], [2, 20]], [[19.5, 10.0], [14.0, 20.0]], [[0.6666666666666666, 13.333333333333332], [9.5, 5.0]], [[0.6666666666666666, 13.333333333333332], [20, 20]], [[1.3333333333333333, 16.666666666666664], [20, 20]], [[1.3333333333333333, 16.666666666666664], [19, 0]], [[1.3333333333333333, 16.666666666666664], [9.5, 5.0]]]}