{"shape": "pentagon", "num_sides": 5, "num_lines": 13, "num_points": 9, "num_sides_with_points": 2, "num_points_on_sides": [2, 2], "vertices": [[0, 10], [6, 20], [16, 18], [14, 3], [10, 1]], "bound_edges": [[[10, 1], [0, 10]], [[0, 10], [6, 20]], [[6, 20], [16, 18]], [[16, 18], [14, 3]], [[14, 3], [10, 1]]], "points_on_edge": [[6.666666666666667, 4.0], [3.333333333333334, 7.0], [12.666666666666666, 2.3333333333333335], [11.333333333333334, 1.6666666666666667]], "inner_edges": [[[6.666666666666667, 4.0], [11.333333333333334, 1.6666666666666667]], [[6.666666666666667, 4.0], [6, 20]], [[6.666666666666667, 4.0], [12.666666666666666, 2.3333333333333335]], [[3.333333333333334, 7.0], [11.333333333333334, 1.6666666666666667]], [[3.333333333333334, 7.0], [6, 20]], [[12.666666666666666, 2.3333333333333335], [0, 10]], [[12.666666666666666, 2.3333333333333335], [3.333333333333334, 7.0]], [[11.333333333333334, 1.6666666666666667], [6, 20]]]}