{"shape": "pentagon", "num_sides": 5, "num_lines": 21, "num_points": 13, "num_sides_with_points": 4, "num_points_on_sides": [2, 2, 2, 2], "vertices": [[0, 9], [2, 19], [15, 19], [18, 14], [15, 5]], "bound_edges": [[[15, 5], [0, 9]], [[0, 9], [2, 19]], [[2, 19], [15, 19]], [[15, 19], [18, 14]], [[18, 14], [15, 5]]], "points_on_edge": [[6.333333333333333, 19.0], [10.666666666666666, 19.0], [0.6666666666666666, 12.333333333333332], [1.3333333333333333, 15.666666666666666], [16.0, 17.333333333333332], [17.0, 15.666666666666668], [10.0, 6.333333333333333], [5.0, 7.666666666666666]], "inner_edges": [[[6.333333333333333, 19.0], [10.0, 6.333333333333333]], [[10.666666666666666, 19.0], [0.6666666666666666, 12.333333333333332]], [[10.666666666666666, 19.0], [18, 14]], [[0.6666666666666666, 12.333333333333332], [17.0, 15.666666666666668]], [[1.3333333333333333, 15.666666666666666], [15, 19]], [[1.3333333333333333, 15.666666666666666], [10.0, 6.333333333333333]], [[1.3333333333333333, 15.666666666666666], [6.333333333333333, 19.0]], [[1.3333333333333333, 15.666666666666666], [15, 5]], [[16.0, 17.333333333333332], [0.6666666666666666, 12.333333333333332]], [[16.0, 17.333333333333332], [2, 19]], [[16.0, 17.333333333333332], [5.0, 7.666666666666666]], [[16.0, 17.333333333333332], [10.666666666666666, 19.0]], [[17.0, 15.666666666666668], [0, 9]], [[10.0, 6.333333333333333], [16.0, 17.333333333333332]], [[10.0, 6.333333333333333], [15, 19]], [[5.0, 7.666666666666666], [15, 19]]]}