{"shape": "pentagon", "num_sides": 5, "num_lines": 19, "num_points": 12, "num_sides_with_points": 5, "num_points_on_sides": [1, 2, 1, 2, 1], "vertices": [[1, 14], [11, 20], [15, 20], [19, 16], [14, 2]], "bound_edges": [[[14, 2], [1, 14]], [[1, 14], [11, 20]], [[11, 20], [15, 20]], [[15, 20], [19, 16]], [[19, 16], [14, 2]]], "points_on_edge": [[16.5, 9.0], [9.666666666666668, 6.0], [5.333333333333334, 10.0], [13.0, 20.0], [16.333333333333332, 18.666666666666668], [17.666666666666668, 17.333333333333332], [6.0, 17.0]], "inner_edges": [[[16.5, 9.0], [16.333333333333332, 18.666666666666668]], [[16.5, 9.0], [13.0, 20.0]], [[9.666666666666668, 6.0], [11, 20]], [[9.666666666666668, 6.0], [19, 16]], [[5.333333333333334, 10.0], [16.5, 9.0]], [[5.333333333333334, 10.0], [6.0, 17.0]], [[5.333333333333334, 10.0], [17.666666666666668, 17.333333333333332]], [[5.333333333333334, 10.0], [15, 20]], [[13.0, 20.0], [9.666666666666668, 6.0]], [[16.333333333333332, 18.666666666666668], [5.333333333333334, 10.0]], [[16.333333333333332, 18.666666666666668], [13.0, 20.0]], [[17.666666666666668, 17.333333333333332], [1, 14]], [[6.0, 17.0], [19, 16]], [[6.0, 17.0], [15, 20]]]}