{"shape": "pentagon", "num_sides": 5, "num_lines": 15, "num_points": 9, "num_sides_with_points": 3, "num_points_on_sides": [1, 1, 2], "vertices": [[2, 9], [6, 16], [20, 20], [18, 1], [9, 0]], "bound_edges": [[[9, 0], [2, 9]], [[2, 9], [6, 16]], [[6, 16], [20, 20]], [[20, 20], [18, 1]], [[18, 1], [9, 0]]], "points_on_edge": [[4.0, 12.5], [13.0, 18.0], [19.333333333333332, 13.666666666666668], [18.666666666666668, 7.333333333333334]], "inner_edges": [[[4.0, 12.5], [9, 0]], [[13.0, 18.0], [4.0, 12.5]], [[13.0, 18.0], [9, 0]], [[13.0, 18.0], [19.333333333333332, 13.666666666666668]], [[13.0, 18.0], [18.666666666666668, 7.333333333333334]], [[13.0, 18.0], [2, 9]], [[19.333333333333332, 13.666666666666668], [9, 0]], [[19.333333333333332, 13.666666666666668], [6, 16]], [[18.666666666666668, 7.333333333333334], [6, 16]], [[18.666666666666668, 7.333333333333334], [2, 9]]]}