{"shape": "quadrilateral", "num_sides": 4, "num_lines": 12, "num_points": 9, "num_sides_with_points": 3, "num_points_on_sides": [2, 1, 2], "vertices": [[0, 20], [18, 13], [20, 7], [11, 2]], "bound_edges": [[[11, 2], [0, 20]], [[0, 20], [18, 13]], [[18, 13], [20, 7]], [[20, 7], [11, 2]]], "points_on_edge": [[6.0, 17.666666666666668], [12.0, 15.333333333333334], [19.0, 10.0], [17.0, 5.333333333333334], [14.0, 3.666666666666667]], "inner_edges": [[[6.0, 17.666666666666668], [11, 2]], [[6.0, 17.666666666666668], [14.0, 3.666666666666667]], [[12.0, 15.333333333333334], [20, 7]], [[19.0, 10.0], [11, 2]], [[19.0, 10.0], [6.0, 17.666666666666668]], [[17.0, 5.333333333333334], [19.0, 10.0]], [[17.0, 5.333333333333334], [12.0, 15.333333333333334]], [[14.0, 3.666666666666667], [19.0, 10.0]]]}