{"shape": "hexagon", "num_sides": 6, "num_lines": 34, "num_points": 15, "num_sides_with_points": 5, "num_points_on_sides": [2, 2, 2, 1, 2], "vertices": [[0, 6], [7, 20], [13, 19], [18, 11], [14, 1], [3, 0]], "bound_edges": [[[3, 0], [0, 6]], [[0, 6], [7, 20]], [[7, 20], [13, 19]], [[13, 19], [18, 11]], [[18, 11], [14, 1]], [[14, 1], [3, 0]]], "points_on_edge": [[10.333333333333334, 0.6666666666666667], [6.666666666666667, 0.33333333333333337], [14.666666666666666, 16.333333333333332], [16.333333333333332, 13.666666666666668], [2.0, 2.0], [1.0, 4.0], [10.0, 19.5], [16.666666666666668, 7.666666666666667], [15.333333333333334, 4.333333333333334]], "inner_edges": [[[10.333333333333334, 0.6666666666666667], [14.666666666666666, 16.333333333333332]], [[10.333333333333334, 0.6666666666666667], [13, 19]], [[6.666666666666667, 0.33333333333333337], [15.333333333333334, 4.333333333333334]], [[6.666666666666667, 0.33333333333333337], [7, 20]], [[14.666666666666666, 16.333333333333332], [7, 20]], [[14.666666666666666, 16.333333333333332], [3, 0]], [[16.333333333333332, 13.666666666666668], [7, 20]], [[16.333333333333332, 13.666666666666668], [6.666666666666667, 0.33333333333333337]], [[16.333333333333332, 13.666666666666668], [10.0, 19.5]], [[16.333333333333332, 13.666666666666668], [3, 0]], [[16.333333333333332, 13.666666666666668], [14, 1]], [[2.0, 2.0], [7, 20]], [[2.0, 2.0], [10.333333333333334, 0.6666666666666667]], [[2.0, 2.0], [14.666666666666666, 16.333333333333332]], [[2.0, 2.0], [18, 11]], [[1.0, 4.0], [13, 19]], [[1.0, 4.0], [15.333333333333334, 4.333333333333334]], [[1.0, 4.0], [10.333333333333334, 0.6666666666666667]], [[1.0, 4.0], [16.333333333333332, 13.666666666666668]], [[10.0, 19.5], [14.666666666666666, 16.333333333333332]], [[10.0, 19.5], [0, 6]], [[10.0, 19.5], [15.333333333333334, 4.333333333333334]], [[16.666666666666668, 7.666666666666667], [0, 6]], [[15.333333333333334, 4.333333333333334], [16.333333333333332, 13.666666666666668]], [[15.333333333333334, 4.333333333333334], [10.333333333333334, 0.6666666666666667]], [[15.333333333333334, 4.333333333333334], [0, 6]], [[15.333333333333334, 4.333333333333334], [2.0, 2.0]], [[15.333333333333334, 4.333333333333334], [7, 20]]]}