{"shape": "quadrilateral", "num_sides": 4, "num_lines": 20, "num_points": 10, "num_sides_with_points": 4, "num_points_on_sides": [2, 1, 1, 2], "vertices": [[1, 19], [17, 19], [20, 4], [1, 0]], "bound_edges": [[[1, 0], [1, 19]], [[1, 19], [17, 19]], [[17, 19], [20, 4]], [[20, 4], [1, 0]]], "points_on_edge": [[1.0, 6.333333333333333], [1.0, 12.666666666666666], [10.5, 2.0], [18.5, 11.5], [6.333333333333333, 19.0], [11.666666666666666, 19.0]], "inner_edges": [[[1.0, 6.333333333333333], [6.333333333333333, 19.0]], [[1.0, 6.333333333333333], [11.666666666666666, 19.0]], [[1.0, 6.333333333333333], [20, 4]], [[1.0, 6.333333333333333], [17, 19]], [[1.0, 12.666666666666666], [20, 4]], [[1.0, 12.666666666666666], [17, 19]], [[1.0, 12.666666666666666], [10.5, 2.0]], [[1.0, 12.666666666666666], [11.666666666666666, 19.0]], [[10.5, 2.0], [1, 19]], [[10.5, 2.0], [6.333333333333333, 19.0]], [[18.5, 11.5], [6.333333333333333, 19.0]], [[6.333333333333333, 19.0], [20, 4]], [[6.333333333333333, 19.0], [1.0, 12.666666666666666]], [[11.666666666666666, 19.0], [10.5, 2.0]], [[11.666666666666666, 19.0], [1, 0]], [[11.666666666666666, 19.0], [20, 4]]]}