{"shape": "quadrilateral", "num_sides": 4, "num_lines": 8, "num_points": 6, "num_sides_with_points": 1, "num_points_on_sides": [2], "vertices": [[0, 6], [1, 19], [20, 15], [20, 6]], "bound_edges": [[[20, 6], [0, 6]], [[0, 6], [1, 19]], [[1, 19], [20, 15]], [[20, 15], [20, 6]]], "points_on_edge": [[13.333333333333334, 6.0], [6.666666666666668, 6.0]], "inner_edges": [[[13.333333333333334, 6.0], [1, 19]], [[13.333333333333334, 6.0], [20, 15]], [[6.666666666666668, 6.0], [1, 19]], [[6.666666666666668, 6.0], [20, 15]]]}