{"shape": "quadrilateral", "num_sides": 4, "num_lines": 7, "num_points": 6, "num_sides_with_points": 1, "num_points_on_sides": [2], "vertices": [[2, 20], [20, 20], [20, 3], [4, 0]], "bound_edges": [[[4, 0], [2, 20]], [[2, 20], [20, 20]], [[20, 20], [20, 3]], [[20, 3], [4, 0]]], "points_on_edge": [[3.3333333333333335, 6.666666666666666], [2.666666666666667, 13.333333333333332]], "inner_edges": [[[3.3333333333333335, 6.666666666666666], [20, 3]], [[3.3333333333333335, 6.666666666666666], [20, 20]], [[2.666666666666667, 13.333333333333332], [20, 20]]]}