{"shape": "quadrilateral", "num_sides": 4, "num_lines": 15, "num_points": 9, "num_sides_with_points": 3, "num_points_on_sides": [2, 2, 1], "vertices": [[0, 15], [3, 20], [18, 16], [20, 4]], "bound_edges": [[[20, 4], [0, 15]], [[0, 15], [3, 20]], [[3, 20], [18, 16]], [[18, 16], [20, 4]]], "points_on_edge": [[1.0, 16.666666666666668], [2.0, 18.333333333333332], [18.666666666666668, 12.0], [19.333333333333332, 8.0], [10.0, 9.5]], "inner_edges": [[[1.0, 16.666666666666668], [10.0, 9.5]], [[1.0, 16.666666666666668], [18, 16]], [[2.0, 18.333333333333332], [20, 4]], [[2.0, 18.333333333333332], [18.666666666666668, 12.0]], [[18.666666666666668, 12.0], [10.0, 9.5]], [[18.666666666666668, 12.0], [3, 20]], [[19.333333333333332, 8.0], [0, 15]], [[19.333333333333332, 8.0], [3, 20]], [[19.333333333333332, 8.0], [1.0, 16.666666666666668]], [[10.0, 9.5], [19.333333333333332, 8.0]], [[10.0, 9.5], [3, 20]]]}