{"shape": "pentagon", "num_sides": 5, "num_lines": 16, "num_points": 10, "num_sides_with_points": 3, "num_points_on_sides": [1, 2, 2], "vertices": [[0, 8], [3, 20], [20, 18], [20, 1], [4, 0]], "bound_edges": [[[4, 0], [0, 8]], [[0, 8], [3, 20]], [[3, 20], [20, 18]], [[20, 18], [20, 1]], [[20, 1], [4, 0]]], "points_on_edge": [[20.0, 9.5], [1.0, 12.0], [2.0, 16.0], [14.666666666666668, 0.6666666666666667], [9.333333333333334, 0.33333333333333337]], "inner_edges": [[[20.0, 9.5], [2.0, 16.0]], [[20.0, 9.5], [1.0, 12.0]], [[20.0, 9.5], [9.333333333333334, 0.33333333333333337]], [[1.0, 12.0], [9.333333333333334, 0.33333333333333337]], [[1.0, 12.0], [20, 18]], [[1.0, 12.0], [4, 0]], [[2.0, 16.0], [20, 1]], [[14.666666666666668, 0.6666666666666667], [20.0, 9.5]], [[14.666666666666668, 0.6666666666666667], [1.0, 12.0]], [[9.333333333333334, 0.33333333333333337], [3, 20]], [[9.333333333333334, 0.33333333333333337], [2.0, 16.0]]]}