{"shape": "pentagon", "num_sides": 5, "num_lines": 15, "num_points": 12, "num_sides_with_points": 5, "num_points_on_sides": [1, 1, 1, 2, 2], "vertices": [[0, 17], [6, 20], [18, 14], [15, 1], [1, 0]], "bound_edges": [[[1, 0], [0, 17]], [[0, 17], [6, 20]], [[6, 20], [18, 14]], [[18, 14], [15, 1]], [[15, 1], [1, 0]]], "points_on_edge": [[8.0, 0.5], [0.5, 8.5], [12.0, 17.0], [2.0, 18.0], [4.0, 19.0], [17.0, 9.666666666666668], [16.0, 5.333333333333334]], "inner_edges": [[[8.0, 0.5], [4.0, 19.0]], [[8.0, 0.5], [6, 20]], [[0.5, 8.5], [6, 20]], [[0.5, 8.5], [18, 14]], [[12.0, 17.0], [15, 1]], [[2.0, 18.0], [1, 0]], [[2.0, 18.0], [15, 1]], [[4.0, 19.0], [1, 0]], [[17.0, 9.666666666666668], [12.0, 17.0]], [[16.0, 5.333333333333334], [2.0, 18.0]]]}