{"shape": "pentagon", "num_sides": 5, "num_lines": 13, "num_points": 13, "num_sides_with_points": 4, "num_points_on_sides": [2, 2, 2, 2], "vertices": [[4, 18], [16, 16], [19, 13], [17, 7], [10, 2]], "bound_edges": [[[10, 2], [4, 18]], [[4, 18], [16, 16]], [[16, 16], [19, 13]], [[19, 13], [17, 7]], [[17, 7], [10, 2]]], "points_on_edge": [[17.0, 15.0], [18.0, 14.0], [18.333333333333332, 11.0], [17.666666666666668, 9.0], [14.666666666666668, 5.333333333333334], [12.333333333333334, 3.666666666666667], [8.0, 17.333333333333332], [12.0, 16.666666666666668]], "inner_edges": [[[17.0, 15.0], [10, 2]], [[18.0, 14.0], [17.666666666666668, 9.0]], [[18.333333333333332, 11.0], [12.333333333333334, 3.666666666666667]], [[17.666666666666668, 9.0], [12.333333333333334, 3.666666666666667]], [[14.666666666666668, 5.333333333333334], [8.0, 17.333333333333332]], [[12.333333333333334, 3.666666666666667], [16, 16]], [[8.0, 17.333333333333332], [17.666666666666668, 9.0]], [[12.0, 16.666666666666668], [14.666666666666668, 5.333333333333334]]]}