{"shape": "pentagon", "num_sides": 5, "num_lines": 20, "num_points": 11, "num_sides_with_points": 4, "num_points_on_sides": [1, 2, 1, 2], "vertices": [[0, 11], [2, 17], [20, 16], [19, 1], [13, 0]], "bound_edges": [[[13, 0], [0, 11]], [[0, 11], [2, 17]], [[2, 17], [20, 16]], [[20, 16], [19, 1]], [[19, 1], [13, 0]]], "points_on_edge": [[1.0, 14.0], [8.0, 16.666666666666668], [14.0, 16.333333333333332], [6.5, 5.5], [17.0, 0.6666666666666667], [15.0, 0.33333333333333337]], "inner_edges": [[[1.0, 14.0], [14.0, 16.333333333333332]], [[1.0, 14.0], [13, 0]], [[8.0, 16.666666666666668], [13, 0]], [[8.0, 16.666666666666668], [19, 1]], [[8.0, 16.666666666666668], [15.0, 0.33333333333333337]], [[14.0, 16.333333333333332], [15.0, 0.33333333333333337]], [[14.0, 16.333333333333332], [0, 11]], [[14.0, 16.333333333333332], [17.0, 0.6666666666666667]], [[6.5, 5.5], [17.0, 0.6666666666666667]], [[17.0, 0.6666666666666667], [2, 17]], [[17.0, 0.6666666666666667], [20, 16]], [[17.0, 0.6666666666666667], [0, 11]], [[15.0, 0.33333333333333337], [20, 16]], [[15.0, 0.33333333333333337], [1.0, 14.0]], [[15.0, 0.33333333333333337], [2, 17]]]}