{"shape": "quadrilateral", "num_sides": 4, "num_lines": 8, "num_points": 8, "num_sides_with_points": 2, "num_points_on_sides": [2, 2], "vertices": [[0, 5], [2, 19], [16, 19], [16, 0]], "bound_edges": [[[16, 0], [0, 5]], [[0, 5], [2, 19]], [[2, 19], [16, 19]], [[16, 19], [16, 0]]], "points_on_edge": [[6.666666666666666, 19.0], [11.333333333333332, 19.0], [16.0, 12.666666666666668], [16.0, 6.333333333333334]], "inner_edges": [[[6.666666666666666, 19.0], [16, 0]], [[11.333333333333332, 19.0], [16, 0]], [[16.0, 12.666666666666668], [11.333333333333332, 19.0]], [[16.0, 6.333333333333334], [11.333333333333332, 19.0]]]}