{"shape": "other", "num_sides": 7, "num_lines": 11, "num_points": 9, "num_sides_with_points": 1, "num_points_on_sides": [2], "vertices": [[0, 13], [1, 16], [14, 20], [16, 17], [16, 6], [13, 1], [7, 0]], "bound_edges": [[[7, 0], [0, 13]], [[0, 13], [1, 16]], [[1, 16], [14, 20]], [[14, 20], [16, 17]], [[16, 17], [16, 6]], [[16, 6], [13, 1]], [[13, 1], [7, 0]]], "points_on_edge": [[15.0, 4.333333333333334], [14.0, 2.666666666666667]], "inner_edges": [[[15.0, 4.333333333333334], [14, 20]], [[14.0, 2.666666666666667], [1, 16]], [[14.0, 2.666666666666667], [14, 20]], [[14.0, 2.666666666666667], [0, 13]]]}