{"shape": "hexagon", "num_sides": 6, "num_lines": 15, "num_points": 11, "num_sides_with_points": 4, "num_points_on_sides": [2, 1, 1, 1], "vertices": [[0, 6], [1, 11], [10, 20], [18, 13], [19, 10], [14, 1]], "bound_edges": [[[14, 1], [0, 6]], [[0, 6], [1, 11]], [[1, 11], [10, 20]], [[10, 20], [18, 13]], [[18, 13], [19, 10]], [[19, 10], [14, 1]]], "points_on_edge": [[17.333333333333332, 7.0], [15.666666666666668, 4.0], [5.5, 15.5], [14.0, 16.5], [7.0, 3.5]], "inner_edges": [[[17.333333333333332, 7.0], [18, 13]], [[15.666666666666668, 4.0], [7.0, 3.5]], [[15.666666666666668, 4.0], [18, 13]], [[5.5, 15.5], [15.666666666666668, 4.0]], [[14.0, 16.5], [15.666666666666668, 4.0]], [[14.0, 16.5], [7.0, 3.5]], [[14.0, 16.5], [1, 11]], [[7.0, 3.5], [5.5, 15.5]], [[7.0, 3.5], [17.333333333333332, 7.0]]]}