{"shape": "pentagon", "num_sides": 5, "num_lines": 10, "num_points": 9, "num_sides_with_points": 3, "num_points_on_sides": [1, 2, 1], "vertices": [[0, 20], [15, 19], [18, 9], [14, 0], [0, 0]], "bound_edges": [[[0, 0], [0, 20]], [[0, 20], [15, 19]], [[15, 19], [18, 9]], [[18, 9], [14, 0]], [[14, 0], [0, 0]]], "points_on_edge": [[16.0, 4.5], [16.0, 15.666666666666668], [17.0, 12.333333333333334], [7.0, 0.0]], "inner_edges": [[[16.0, 4.5], [7.0, 0.0]], [[16.0, 4.5], [0, 20]], [[16.0, 15.666666666666668], [14, 0]], [[17.0, 12.333333333333334], [7.0, 0.0]], [[7.0, 0.0], [0, 20]]]}