{"shape": "hexagon", "num_sides": 6, "num_lines": 13, "num_points": 10, "num_sides_with_points": 2, "num_points_on_sides": [2, 2], "vertices": [[5, 12], [9, 18], [16, 19], [19, 13], [16, 3], [12, 2]], "bound_edges": [[[12, 2], [5, 12]], [[5, 12], [9, 18]], [[9, 18], [16, 19]], [[16, 19], [19, 13]], [[19, 13], [16, 3]], [[16, 3], [12, 2]]], "points_on_edge": [[9.666666666666668, 5.333333333333333], [7.333333333333334, 8.666666666666666], [17.0, 17.0], [18.0, 15.0]], "inner_edges": [[[9.666666666666668, 5.333333333333333], [9, 18]], [[9.666666666666668, 5.333333333333333], [16, 3]], [[7.333333333333334, 8.666666666666666], [16, 19]], [[17.0, 17.0], [9.666666666666668, 5.333333333333333]], [[17.0, 17.0], [16, 3]], [[18.0, 15.0], [5, 12]], [[18.0, 15.0], [9.666666666666668, 5.333333333333333]]]}