{"shape": "quadrilateral", "num_sides": 4, "num_lines": 15, "num_points": 9, "num_sides_with_points": 3, "num_points_on_sides": [2, 2, 1], "vertices": [[1, 19], [13, 19], [17, 14], [6, 3]], "bound_edges": [[[6, 3], [1, 19]], [[1, 19], [13, 19]], [[13, 19], [17, 14]], [[17, 14], [6, 3]]], "points_on_edge": [[5.0, 19.0], [9.0, 19.0], [4.333333333333334, 8.333333333333332], [2.666666666666667, 13.666666666666666], [15.0, 16.5]], "inner_edges": [[[5.0, 19.0], [6, 3]], [[5.0, 19.0], [4.333333333333334, 8.333333333333332]], [[5.0, 19.0], [17, 14]], [[5.0, 19.0], [2.666666666666667, 13.666666666666666]], [[9.0, 19.0], [2.666666666666667, 13.666666666666666]], [[9.0, 19.0], [15.0, 16.5]], [[9.0, 19.0], [6, 3]], [[4.333333333333334, 8.333333333333332], [9.0, 19.0]], [[2.666666666666667, 13.666666666666666], [15.0, 16.5]], [[2.666666666666667, 13.666666666666666], [17, 14]], [[15.0, 16.5], [1, 19]]]}