{"shape": "quadrilateral", "num_sides": 4, "num_lines": 14, "num_points": 9, "num_sides_with_points": 4, "num_points_on_sides": [1, 1, 1, 2], "vertices": [[3, 20], [15, 20], [20, 16], [19, 2]], "bound_edges": [[[19, 2], [3, 20]], [[3, 20], [15, 20]], [[15, 20], [20, 16]], [[20, 16], [19, 2]]], "points_on_edge": [[9.0, 20.0], [11.0, 11.0], [17.5, 18.0], [19.666666666666668, 11.333333333333334], [19.333333333333332, 6.666666666666668]], "inner_edges": [[[9.0, 20.0], [19, 2]], [[9.0, 20.0], [17.5, 18.0]], [[11.0, 11.0], [9.0, 20.0]], [[11.0, 11.0], [20, 16]], [[17.5, 18.0], [3, 20]], [[17.5, 18.0], [19, 2]], [[19.666666666666668, 11.333333333333334], [9.0, 20.0]], [[19.666666666666668, 11.333333333333334], [17.5, 18.0]], [[19.333333333333332, 6.666666666666668], [11.0, 11.0]], [[19.333333333333332, 6.666666666666668], [17.5, 18.0]]]}