{"shape": "pentagon", "num_sides": 5, "num_lines": 15, "num_points": 12, "num_sides_with_points": 5, "num_points_on_sides": [1, 1, 1, 2, 2], "vertices": [[0, 13], [4, 20], [20, 17], [18, 7], [6, 1]], "bound_edges": [[[6, 1], [0, 13]], [[0, 13], [4, 20]], [[4, 20], [20, 17]], [[20, 17], [18, 7]], [[18, 7], [6, 1]]], "points_on_edge": [[12.0, 4.0], [3.0, 7.0], [2.0, 16.5], [19.333333333333332, 13.666666666666668], [18.666666666666668, 10.333333333333334], [9.333333333333332, 19.0], [14.666666666666666, 18.0]], "inner_edges": [[[12.0, 4.0], [14.666666666666666, 18.0]], [[3.0, 7.0], [18, 7]], [[3.0, 7.0], [20, 17]], [[2.0, 16.5], [9.333333333333332, 19.0]], [[19.333333333333332, 13.666666666666668], [6, 1]], [[18.666666666666668, 10.333333333333334], [2.0, 16.5]], [[9.333333333333332, 19.0], [19.333333333333332, 13.666666666666668]], [[9.333333333333332, 19.0], [18.666666666666668, 10.333333333333334]], [[14.666666666666666, 18.0], [2.0, 16.5]], [[14.666666666666666, 18.0], [19.333333333333332, 13.666666666666668]]]}