{"shape": "hexagon", "num_sides": 6, "num_lines": 14, "num_points": 12, "num_sides_with_points": 4, "num_points_on_sides": [2, 2, 1, 1], "vertices": [[0, 8], [6, 18], [16, 18], [20, 12], [20, 1], [13, 0]], "bound_edges": [[[13, 0], [0, 8]], [[0, 8], [6, 18]], [[6, 18], [16, 18]], [[16, 18], [20, 12]], [[20, 12], [20, 1]], [[20, 1], [13, 0]]], "points_on_edge": [[8.666666666666668, 2.6666666666666665], [4.333333333333334, 5.333333333333333], [17.666666666666668, 0.6666666666666667], [15.333333333333334, 0.33333333333333337], [18.0, 15.0], [11.0, 18.0]], "inner_edges": [[[8.666666666666668, 2.6666666666666665], [17.666666666666668, 0.6666666666666667]], [[4.333333333333334, 5.333333333333333], [15.333333333333334, 0.33333333333333337]], [[4.333333333333334, 5.333333333333333], [20, 1]], [[17.666666666666668, 0.6666666666666667], [11.0, 18.0]], [[17.666666666666668, 0.6666666666666667], [20, 12]], [[15.333333333333334, 0.33333333333333337], [18.0, 15.0]], [[18.0, 15.0], [6, 18]], [[11.0, 18.0], [4.333333333333334, 5.333333333333333]]]}