{"shape": "pentagon", "num_sides": 5, "num_lines": 23, "num_points": 13, "num_sides_with_points": 5, "num_points_on_sides": [1, 2, 2, 2, 1], "vertices": [[0, 12], [12, 19], [16, 18], [20, 0], [6, 0]], "bound_edges": [[[6, 0], [0, 12]], [[0, 12], [12, 19]], [[12, 19], [16, 18]], [[16, 18], [20, 0]], [[20, 0], [6, 0]]], "points_on_edge": [[13.0, 0.0], [13.333333333333334, 18.666666666666668], [14.666666666666666, 18.333333333333332], [17.333333333333332, 12.0], [18.666666666666668, 6.0], [4.0, 4.0], [2.0, 8.0], [6.0, 15.5]], "inner_edges": [[[13.0, 0.0], [16, 18]], [[13.0, 0.0], [12, 19]], [[13.0, 0.0], [0, 12]], [[13.0, 0.0], [6.0, 15.5]], [[13.0, 0.0], [4.0, 4.0]], [[13.333333333333334, 18.666666666666668], [13.0, 0.0]], [[14.666666666666666, 18.333333333333332], [6, 0]], [[17.333333333333332, 12.0], [4.0, 4.0]], [[18.666666666666668, 6.0], [6.0, 15.5]], [[4.0, 4.0], [14.666666666666666, 18.333333333333332]], [[4.0, 4.0], [12, 19]], [[4.0, 4.0], [18.666666666666668, 6.0]], [[4.0, 4.0], [6.0, 15.5]], [[2.0, 8.0], [18.666666666666668, 6.0]], [[2.0, 8.0], [14.666666666666666, 18.333333333333332]], [[2.0, 8.0], [13.333333333333334, 18.666666666666668]], [[2.0, 8.0], [12, 19]], [[6.0, 15.5], [2.0, 8.0]]]}