{"shape": "triangle", "num_sides": 3, "num_lines": 5, "num_points": 5, "num_sides_with_points": 1, "num_points_on_sides": [2], "vertices": [[0, 17], [19, 19], [18, 0]], "bound_edges": [[[18, 0], [0, 17]], [[0, 17], [19, 19]], [[19, 19], [18, 0]]], "points_on_edge": [[18.666666666666668, 12.666666666666668], [18.333333333333332, 6.333333333333334]], "inner_edges": [[[18.666666666666668, 12.666666666666668], [0, 17]], [[18.333333333333332, 6.333333333333334], [0, 17]]]}