{"shape": "pentagon", "num_sides": 5, "num_lines": 9, "num_points": 9, "num_sides_with_points": 3, "num_points_on_sides": [1, 2, 1], "vertices": [[0, 13], [1, 20], [20, 19], [19, 2], [13, 1]], "bound_edges": [[[13, 1], [0, 13]], [[0, 13], [1, 20]], [[1, 20], [20, 19]], [[20, 19], [19, 2]], [[19, 2], [13, 1]]], "points_on_edge": [[0.5, 16.5], [17.0, 1.6666666666666667], [15.0, 1.3333333333333335], [6.5, 7.0]], "inner_edges": [[[0.5, 16.5], [20, 19]], [[17.0, 1.6666666666666667], [0.5, 16.5]], [[15.0, 1.3333333333333335], [0.5, 16.5]], [[6.5, 7.0], [1, 20]]]}