{"shape": "hexagon", "num_sides": 6, "num_lines": 15, "num_points": 15, "num_sides_with_points": 5, "num_points_on_sides": [2, 1, 2, 2, 2], "vertices": [[2, 16], [11, 19], [16, 15], [17, 6], [14, 0], [0, 0]], "bound_edges": [[[0, 0], [2, 16]], [[2, 16], [11, 19]], [[11, 19], [16, 15]], [[16, 15], [17, 6]], [[17, 6], [14, 0]], [[14, 0], [0, 0]]], "points_on_edge": [[9.333333333333334, 0.0], [4.666666666666668, 0.0], [1.0, 8.0], [12.666666666666666, 17.666666666666668], [14.333333333333332, 16.333333333333332], [5.0, 17.0], [8.0, 18.0], [16.0, 4.0], [15.0, 2.0]], "inner_edges": [[[9.333333333333334, 0.0], [15.0, 2.0]], [[4.666666666666668, 0.0], [2, 16]], [[1.0, 8.0], [9.333333333333334, 0.0]], [[12.666666666666666, 17.666666666666668], [14, 0]], [[14.333333333333332, 16.333333333333332], [1.0, 8.0]], [[5.0, 17.0], [1.0, 8.0]], [[8.0, 18.0], [0, 0]], [[16.0, 4.0], [14.333333333333332, 16.333333333333332]], [[15.0, 2.0], [16, 15]]]}