{"shape": "pentagon", "num_sides": 5, "num_lines": 14, "num_points": 10, "num_sides_with_points": 3, "num_points_on_sides": [2, 1, 2], "vertices": [[2, 16], [11, 20], [19, 14], [19, 1], [1, 0]], "bound_edges": [[[1, 0], [2, 16]], [[2, 16], [11, 20]], [[11, 20], [19, 14]], [[19, 14], [19, 1]], [[19, 1], [1, 0]]], "points_on_edge": [[13.666666666666666, 18.0], [16.333333333333332, 16.0], [1.5, 8.0], [5.0, 17.333333333333332], [8.0, 18.666666666666668]], "inner_edges": [[[13.666666666666666, 18.0], [5.0, 17.333333333333332]], [[16.333333333333332, 16.0], [2, 16]], [[16.333333333333332, 16.0], [8.0, 18.666666666666668]], [[1.5, 8.0], [19, 14]], [[1.5, 8.0], [11, 20]], [[1.5, 8.0], [5.0, 17.333333333333332]], [[5.0, 17.333333333333332], [16.333333333333332, 16.0]], [[8.0, 18.666666666666668], [1, 0]], [[8.0, 18.666666666666668], [19, 1]]]}