{"shape": "pentagon", "num_sides": 5, "num_lines": 18, "num_points": 12, "num_sides_with_points": 5, "num_points_on_sides": [1, 2, 1, 1, 2], "vertices": [[0, 6], [4, 19], [19, 16], [20, 3], [12, 0]], "bound_edges": [[[12, 0], [0, 6]], [[0, 6], [4, 19]], [[4, 19], [19, 16]], [[19, 16], [20, 3]], [[20, 3], [12, 0]]], "points_on_edge": [[2.0, 12.5], [19.333333333333332, 11.666666666666668], [19.666666666666668, 7.333333333333334], [6.0, 3.0], [11.5, 17.5], [17.333333333333332, 2.0], [14.666666666666668, 1.0]], "inner_edges": [[[2.0, 12.5], [19.666666666666668, 7.333333333333334]], [[19.333333333333332, 11.666666666666668], [2.0, 12.5]], [[19.333333333333332, 11.666666666666668], [14.666666666666668, 1.0]], [[19.666666666666668, 7.333333333333334], [6.0, 3.0]], [[6.0, 3.0], [17.333333333333332, 2.0]], [[6.0, 3.0], [19.333333333333332, 11.666666666666668]], [[6.0, 3.0], [4, 19]], [[11.5, 17.5], [0, 6]], [[11.5, 17.5], [20, 3]], [[11.5, 17.5], [17.333333333333332, 2.0]], [[17.333333333333332, 2.0], [19.333333333333332, 11.666666666666668]], [[17.333333333333332, 2.0], [2.0, 12.5]], [[14.666666666666668, 1.0], [2.0, 12.5]]]}