{"shape": "quadrilateral", "num_sides": 4, "num_lines": 21, "num_points": 10, "num_sides_with_points": 4, "num_points_on_sides": [1, 2, 2, 1], "vertices": [[0, 20], [18, 19], [19, 0], [0, 0]], "bound_edges": [[[0, 0], [0, 20]], [[0, 20], [18, 19]], [[18, 19], [19, 0]], [[19, 0], [0, 0]]], "points_on_edge": [[9.0, 19.5], [12.666666666666668, 0.0], [6.333333333333334, 0.0], [18.333333333333332, 12.666666666666668], [18.666666666666668, 6.333333333333334], [0.0, 10.0]], "inner_edges": [[[9.0, 19.5], [19, 0]], [[9.0, 19.5], [18.333333333333332, 12.666666666666668]], [[12.666666666666668, 0.0], [0, 20]], [[12.666666666666668, 0.0], [18.333333333333332, 12.666666666666668]], [[12.666666666666668, 0.0], [0.0, 10.0]], [[6.333333333333334, 0.0], [18, 19]], [[6.333333333333334, 0.0], [18.333333333333332, 12.666666666666668]], [[6.333333333333334, 0.0], [0.0, 10.0]], [[18.333333333333332, 12.666666666666668], [0.0, 10.0]], [[18.333333333333332, 12.666666666666668], [0, 0]], [[18.333333333333332, 12.666666666666668], [0, 20]], [[18.666666666666668, 6.333333333333334], [0, 20]], [[18.666666666666668, 6.333333333333334], [6.333333333333334, 0.0]], [[0.0, 10.0], [18, 19]], [[0.0, 10.0], [9.0, 19.5]], [[0.0, 10.0], [18.666666666666668, 6.333333333333334]], [[0.0, 10.0], [19, 0]]]}