{"shape": "quadrilateral", "num_sides": 4, "num_lines": 6, "num_points": 6, "num_sides_with_points": 1, "num_points_on_sides": [2], "vertices": [[0, 19], [15, 20], [20, 14], [19, 2]], "bound_edges": [[[19, 2], [0, 19]], [[0, 19], [15, 20]], [[15, 20], [20, 14]], [[20, 14], [19, 2]]], "points_on_edge": [[19.666666666666668, 10.0], [19.333333333333332, 6.0]], "inner_edges": [[[19.666666666666668, 10.0], [0, 19]], [[19.333333333333332, 6.0], [15, 20]]]}