{"shape": "other", "num_sides": 7, "num_lines": 26, "num_points": 16, "num_sides_with_points": 5, "num_points_on_sides": [2, 1, 2, 2, 2], "vertices": [[1, 10], [5, 18], [13, 20], [18, 16], [18, 7], [15, 2], [9, 1]], "bound_edges": [[[9, 1], [1, 10]], [[1, 10], [5, 18]], [[5, 18], [13, 20]], [[13, 20], [18, 16]], [[18, 16], [18, 7]], [[18, 7], [15, 2]], [[15, 2], [9, 1]]], "points_on_edge": [[14.666666666666666, 18.666666666666668], [16.333333333333332, 17.333333333333332], [18.0, 11.5], [17.0, 5.333333333333334], [16.0, 3.666666666666667], [2.333333333333333, 12.666666666666666], [3.6666666666666665, 15.333333333333332], [6.333333333333334, 4.0], [3.666666666666667, 7.0]], "inner_edges": [[[14.666666666666666, 18.666666666666668], [16.0, 3.666666666666667]], [[14.666666666666666, 18.666666666666668], [9, 1]], [[14.666666666666666, 18.666666666666668], [1, 10]], [[14.666666666666666, 18.666666666666668], [2.333333333333333, 12.666666666666666]], [[16.333333333333332, 17.333333333333332], [18.0, 11.5]], [[18.0, 11.5], [3.6666666666666665, 15.333333333333332]], [[17.0, 5.333333333333334], [5, 18]], [[17.0, 5.333333333333334], [2.333333333333333, 12.666666666666666]], [[16.0, 3.666666666666667], [9, 1]], [[16.0, 3.666666666666667], [2.333333333333333, 12.666666666666666]], [[16.0, 3.666666666666667], [18, 16]], [[2.333333333333333, 12.666666666666666], [6.333333333333334, 4.0]], [[2.333333333333333, 12.666666666666666], [18, 16]], [[2.333333333333333, 12.666666666666666], [3.666666666666667, 7.0]], [[3.6666666666666665, 15.333333333333332], [14.666666666666666, 18.666666666666668]], [[6.333333333333334, 4.0], [5, 18]], [[3.666666666666667, 7.0], [18.0, 11.5]], [[3.666666666666667, 7.0], [17.0, 5.333333333333334]], [[3.666666666666667, 7.0], [16.333333333333332, 17.333333333333332]]]}