{"shape": "pentagon", "num_sides": 5, "num_lines": 24, "num_points": 12, "num_sides_with_points": 5, "num_points_on_sides": [2, 1, 2, 1, 1], "vertices": [[0, 12], [1, 18], [18, 14], [19, 10], [14, 1]], "bound_edges": [[[14, 1], [0, 12]], [[0, 12], [1, 18]], [[1, 18], [18, 14]], [[18, 14], [19, 10]], [[19, 10], [14, 1]]], "points_on_edge": [[6.666666666666666, 16.666666666666668], [12.333333333333332, 15.333333333333334], [18.5, 12.0], [9.333333333333334, 4.666666666666666], [4.666666666666668, 8.333333333333332], [16.5, 5.5], [0.5, 15.0]], "inner_edges": [[[6.666666666666666, 16.666666666666668], [9.333333333333334, 4.666666666666666]], [[6.666666666666666, 16.666666666666668], [16.5, 5.5]], [[12.333333333333332, 15.333333333333334], [14, 1]], [[12.333333333333332, 15.333333333333334], [4.666666666666668, 8.333333333333332]], [[12.333333333333332, 15.333333333333334], [19, 10]], [[12.333333333333332, 15.333333333333334], [0.5, 15.0]], [[18.5, 12.0], [4.666666666666668, 8.333333333333332]], [[18.5, 12.0], [16.5, 5.5]], [[9.333333333333334, 4.666666666666666], [18.5, 12.0]], [[9.333333333333334, 4.666666666666666], [19, 10]], [[9.333333333333334, 4.666666666666666], [18, 14]], [[4.666666666666668, 8.333333333333332], [0.5, 15.0]], [[4.666666666666668, 8.333333333333332], [16.5, 5.5]], [[16.5, 5.5], [1, 18]], [[16.5, 5.5], [0, 12]], [[16.5, 5.5], [9.333333333333334, 4.666666666666666]], [[16.5, 5.5], [18, 14]], [[0.5, 15.0], [18, 14]], [[0.5, 15.0], [9.333333333333334, 4.666666666666666]]]}