{"shape": "quadrilateral", "num_sides": 4, "num_lines": 9, "num_points": 9, "num_sides_with_points": 4, "num_points_on_sides": [1, 1, 2, 1], "vertices": [[1, 8], [8, 19], [19, 20], [20, 0]], "bound_edges": [[[20, 0], [1, 8]], [[1, 8], [8, 19]], [[8, 19], [19, 20]], [[19, 20], [20, 0]]], "points_on_edge": [[13.5, 19.5], [4.5, 13.5], [13.666666666666668, 2.6666666666666665], [7.333333333333334, 5.333333333333333], [19.5, 10.0]], "inner_edges": [[[13.5, 19.5], [7.333333333333334, 5.333333333333333]], [[4.5, 13.5], [7.333333333333334, 5.333333333333333]], [[13.666666666666668, 2.6666666666666665], [8, 19]], [[7.333333333333334, 5.333333333333333], [19, 20]], [[19.5, 10.0], [13.5, 19.5]]]}