{"shape": "quadrilateral", "num_sides": 4, "num_lines": 18, "num_points": 10, "num_sides_with_points": 4, "num_points_on_sides": [1, 2, 2, 1], "vertices": [[2, 19], [13, 20], [19, 16], [20, 2]], "bound_edges": [[[20, 2], [2, 19]], [[2, 19], [13, 20]], [[13, 20], [19, 16]], [[19, 16], [20, 2]]], "points_on_edge": [[7.5, 19.5], [15.0, 18.666666666666668], [17.0, 17.333333333333332], [14.0, 7.666666666666666], [8.0, 13.333333333333332], [19.5, 9.0]], "inner_edges": [[[7.5, 19.5], [20, 2]], [[15.0, 18.666666666666668], [7.5, 19.5]], [[15.0, 18.666666666666668], [8.0, 13.333333333333332]], [[15.0, 18.666666666666668], [2, 19]], [[17.0, 17.333333333333332], [7.5, 19.5]], [[17.0, 17.333333333333332], [8.0, 13.333333333333332]], [[17.0, 17.333333333333332], [2, 19]], [[14.0, 7.666666666666666], [19.5, 9.0]], [[14.0, 7.666666666666666], [19, 16]], [[14.0, 7.666666666666666], [13, 20]], [[8.0, 13.333333333333332], [7.5, 19.5]], [[8.0, 13.333333333333332], [19.5, 9.0]], [[19.5, 9.0], [2, 19]], [[19.5, 9.0], [15.0, 18.666666666666668]]]}