{"shape": "pentagon", "num_sides": 5, "num_lines": 10, "num_points": 10, "num_sides_with_points": 3, "num_points_on_sides": [2, 2, 1], "vertices": [[0, 19], [4, 20], [19, 14], [20, 10], [13, 3]], "bound_edges": [[[13, 3], [0, 19]], [[0, 19], [4, 20]], [[4, 20], [19, 14]], [[19, 14], [20, 10]], [[20, 10], [13, 3]]], "points_on_edge": [[1.3333333333333333, 19.333333333333332], [2.6666666666666665, 19.666666666666668], [9.0, 18.0], [14.0, 16.0], [19.5, 12.0]], "inner_edges": [[[1.3333333333333333, 19.333333333333332], [19.5, 12.0]], [[2.6666666666666665, 19.666666666666668], [19.5, 12.0]], [[9.0, 18.0], [0, 19]], [[14.0, 16.0], [0, 19]], [[19.5, 12.0], [0, 19]]]}