{"shape": "quadrilateral", "num_sides": 4, "num_lines": 20, "num_points": 10, "num_sides_with_points": 4, "num_points_on_sides": [1, 2, 1, 2], "vertices": [[1, 20], [19, 20], [19, 1], [2, 0]], "bound_edges": [[[2, 0], [1, 20]], [[1, 20], [19, 20]], [[19, 20], [19, 1]], [[19, 1], [2, 0]]], "points_on_edge": [[10.0, 20.0], [1.6666666666666667, 6.666666666666666], [1.3333333333333335, 13.333333333333332], [10.5, 0.5], [19.0, 13.666666666666668], [19.0, 7.333333333333334]], "inner_edges": [[[10.0, 20.0], [19.0, 13.666666666666668]], [[10.0, 20.0], [19, 1]], [[10.0, 20.0], [10.5, 0.5]], [[1.6666666666666667, 6.666666666666666], [19, 20]], [[1.3333333333333335, 13.333333333333332], [19.0, 13.666666666666668]], [[10.5, 0.5], [19.0, 7.333333333333334]], [[10.5, 0.5], [19.0, 13.666666666666668]], [[10.5, 0.5], [1.3333333333333335, 13.333333333333332]], [[10.5, 0.5], [1.6666666666666667, 6.666666666666666]], [[19.0, 13.666666666666668], [2, 0]], [[19.0, 13.666666666666668], [1.6666666666666667, 6.666666666666666]], [[19.0, 13.666666666666668], [1, 20]], [[19.0, 7.333333333333334], [1, 20]], [[19.0, 7.333333333333334], [10.0, 20.0]], [[19.0, 7.333333333333334], [1.6666666666666667, 6.666666666666666]], [[19.0, 7.333333333333334], [2, 0]]]}