{"shape": "quadrilateral", "num_sides": 4, "num_lines": 10, "num_points": 10, "num_sides_with_points": 4, "num_points_on_sides": [1, 1, 2, 2], "vertices": [[0, 16], [3, 20], [20, 20], [19, 1]], "bound_edges": [[[19, 1], [0, 16]], [[0, 16], [3, 20]], [[3, 20], [20, 20]], [[20, 20], [19, 1]]], "points_on_edge": [[11.5, 20.0], [9.5, 8.5], [1.0, 17.333333333333332], [2.0, 18.666666666666668], [19.666666666666668, 13.666666666666668], [19.333333333333332, 7.333333333333334]], "inner_edges": [[[11.5, 20.0], [2.0, 18.666666666666668]], [[9.5, 8.5], [19.666666666666668, 13.666666666666668]], [[1.0, 17.333333333333332], [19, 1]], [[2.0, 18.666666666666668], [9.5, 8.5]], [[19.666666666666668, 13.666666666666668], [0, 16]], [[19.333333333333332, 7.333333333333334], [9.5, 8.5]]]}