{"shape": "pentagon", "num_sides": 5, "num_lines": 11, "num_points": 11, "num_sides_with_points": 5, "num_points_on_sides": [2, 1, 1, 1, 1], "vertices": [[0, 15], [5, 20], [12, 18], [20, 7], [11, 1]], "bound_edges": [[[11, 1], [0, 15]], [[0, 15], [5, 20]], [[5, 20], [12, 18]], [[12, 18], [20, 7]], [[20, 7], [11, 1]]], "points_on_edge": [[14.666666666666666, 14.333333333333334], [17.333333333333332, 10.666666666666668], [2.5, 17.5], [5.5, 8.0], [8.5, 19.0], [15.5, 4.0]], "inner_edges": [[[14.666666666666666, 14.333333333333334], [2.5, 17.5]], [[17.333333333333332, 10.666666666666668], [5, 20]], [[2.5, 17.5], [12, 18]], [[5.5, 8.0], [8.5, 19.0]], [[8.5, 19.0], [11, 1]], [[15.5, 4.0], [5, 20]]]}