{"shape": "pentagon", "num_sides": 5, "num_lines": 10, "num_points": 10, "num_sides_with_points": 3, "num_points_on_sides": [1, 2, 2], "vertices": [[0, 16], [10, 20], [15, 18], [18, 2], [11, 0]], "bound_edges": [[[11, 0], [0, 16]], [[0, 16], [10, 20]], [[10, 20], [15, 18]], [[15, 18], [18, 2]], [[18, 2], [11, 0]]], "points_on_edge": [[14.5, 1.0], [7.333333333333334, 5.333333333333333], [3.666666666666667, 10.666666666666666], [16.0, 12.666666666666668], [17.0, 7.333333333333334]], "inner_edges": [[[14.5, 1.0], [17.0, 7.333333333333334]], [[7.333333333333334, 5.333333333333333], [17.0, 7.333333333333334]], [[3.666666666666667, 10.666666666666666], [16.0, 12.666666666666668]], [[16.0, 12.666666666666668], [10, 20]], [[17.0, 7.333333333333334], [0, 16]]]}