{"shape": "hexagon", "num_sides": 6, "num_lines": 12, "num_points": 12, "num_sides_with_points": 4, "num_points_on_sides": [1, 2, 1, 2], "vertices": [[0, 15], [5, 20], [15, 19], [19, 11], [18, 0], [4, 0]], "bound_edges": [[[4, 0], [0, 15]], [[0, 15], [5, 20]], [[5, 20], [15, 19]], [[15, 19], [19, 11]], [[19, 11], [18, 0]], [[18, 0], [4, 0]]], "points_on_edge": [[2.5, 17.5], [2.666666666666667, 5.0], [1.3333333333333335, 10.0], [11.0, 0.0], [18.666666666666668, 7.333333333333334], [18.333333333333332, 3.666666666666667]], "inner_edges": [[[2.5, 17.5], [15, 19]], [[2.666666666666667, 5.0], [18, 0]], [[1.3333333333333335, 10.0], [18.333333333333332, 3.666666666666667]], [[11.0, 0.0], [0, 15]], [[18.666666666666668, 7.333333333333334], [5, 20]], [[18.333333333333332, 3.666666666666667], [2.666666666666667, 5.0]]]}