{"shape": "hexagon", "num_sides": 6, "num_lines": 20, "num_points": 12, "num_sides_with_points": 5, "num_points_on_sides": [1, 1, 1, 2, 1], "vertices": [[0, 11], [3, 19], [16, 18], [20, 15], [20, 3], [12, 1]], "bound_edges": [[[12, 1], [0, 11]], [[0, 11], [3, 19]], [[3, 19], [16, 18]], [[16, 18], [20, 15]], [[20, 15], [20, 3]], [[20, 3], [12, 1]]], "points_on_edge": [[9.5, 18.5], [20.0, 9.0], [6.0, 6.0], [17.333333333333332, 2.3333333333333335], [14.666666666666668, 1.6666666666666667], [18.0, 16.5]], "inner_edges": [[[9.5, 18.5], [20, 3]], [[20.0, 9.0], [12, 1]], [[20.0, 9.0], [0, 11]], [[6.0, 6.0], [18.0, 16.5]], [[6.0, 6.0], [9.5, 18.5]], [[17.333333333333332, 2.3333333333333335], [20.0, 9.0]], [[17.333333333333332, 2.3333333333333335], [3, 19]], [[17.333333333333332, 2.3333333333333335], [6.0, 6.0]], [[14.666666666666668, 1.6666666666666667], [20, 15]], [[18.0, 16.5], [20.0, 9.0]], [[18.0, 16.5], [14.666666666666668, 1.6666666666666667]], [[18.0, 16.5], [20, 3]], [[18.0, 16.5], [0, 11]], [[18.0, 16.5], [9.5, 18.5]]]}