{"shape": "triangle", "num_sides": 3, "num_lines": 19, "num_points": 9, "num_sides_with_points": 3, "num_points_on_sides": [2, 2, 2], "vertices": [[0, 17], [20, 20], [20, 1]], "bound_edges": [[[20, 1], [0, 17]], [[0, 17], [20, 20]], [[20, 20], [20, 1]]], "points_on_edge": [[6.666666666666666, 18.0], [13.333333333333332, 19.0], [20.0, 13.666666666666668], [20.0, 7.333333333333334], [13.333333333333334, 6.333333333333333], [6.666666666666668, 11.666666666666666]], "inner_edges": [[[6.666666666666666, 18.0], [6.666666666666668, 11.666666666666666]], [[13.333333333333332, 19.0], [13.333333333333334, 6.333333333333333]], [[13.333333333333332, 19.0], [20.0, 7.333333333333334]], [[13.333333333333332, 19.0], [20.0, 13.666666666666668]], [[13.333333333333332, 19.0], [20, 1]], [[13.333333333333332, 19.0], [6.666666666666668, 11.666666666666666]], [[20.0, 13.666666666666668], [13.333333333333334, 6.333333333333333]], [[20.0, 13.666666666666668], [6.666666666666666, 18.0]], [[20.0, 7.333333333333334], [0, 17]], [[20.0, 7.333333333333334], [13.333333333333334, 6.333333333333333]], [[20.0, 7.333333333333334], [6.666666666666666, 18.0]], [[20.0, 7.333333333333334], [6.666666666666668, 11.666666666666666]], [[13.333333333333334, 6.333333333333333], [6.666666666666666, 18.0]], [[13.333333333333334, 6.333333333333333], [20, 20]], [[6.666666666666668, 11.666666666666666], [20, 20]], [[6.666666666666668, 11.666666666666666], [20.0, 13.666666666666668]]]}