{"shape": "pentagon", "num_sides": 5, "num_lines": 17, "num_points": 11, "num_sides_with_points": 4, "num_points_on_sides": [2, 1, 2, 1], "vertices": [[0, 7], [2, 19], [20, 20], [20, 3], [10, 1]], "bound_edges": [[[10, 1], [0, 7]], [[0, 7], [2, 19]], [[2, 19], [20, 20]], [[20, 20], [20, 3]], [[20, 3], [10, 1]]], "points_on_edge": [[0.6666666666666666, 11.0], [1.3333333333333333, 15.0], [15.0, 2.0], [6.666666666666667, 3.0], [3.333333333333334, 5.0], [11.0, 19.5]], "inner_edges": [[[0.6666666666666666, 11.0], [11.0, 19.5]], [[1.3333333333333333, 15.0], [11.0, 19.5]], [[1.3333333333333333, 15.0], [3.333333333333334, 5.0]], [[1.3333333333333333, 15.0], [15.0, 2.0]], [[15.0, 2.0], [0.6666666666666666, 11.0]], [[15.0, 2.0], [3.333333333333334, 5.0]], [[6.666666666666667, 3.0], [20, 3]], [[3.333333333333334, 5.0], [2, 19]], [[3.333333333333334, 5.0], [11.0, 19.5]], [[3.333333333333334, 5.0], [20, 3]], [[11.0, 19.5], [10, 1]], [[11.0, 19.5], [6.666666666666667, 3.0]]]}