{"shape": "pentagon", "num_sides": 5, "num_lines": 12, "num_points": 9, "num_sides_with_points": 3, "num_points_on_sides": [1, 1, 2], "vertices": [[1, 3], [7, 17], [12, 20], [20, 13], [18, 0]], "bound_edges": [[[18, 0], [1, 3]], [[1, 3], [7, 17]], [[7, 17], [12, 20]], [[12, 20], [20, 13]], [[20, 13], [18, 0]]], "points_on_edge": [[9.5, 18.5], [19.0, 6.5], [14.666666666666666, 17.666666666666668], [17.333333333333332, 15.333333333333334]], "inner_edges": [[[9.5, 18.5], [1, 3]], [[9.5, 18.5], [19.0, 6.5]], [[19.0, 6.5], [17.333333333333332, 15.333333333333334]], [[19.0, 6.5], [7, 17]], [[19.0, 6.5], [1, 3]], [[14.666666666666666, 17.666666666666668], [7, 17]], [[17.333333333333332, 15.333333333333334], [9.5, 18.5]]]}