{"shape": "hexagon", "num_sides": 6, "num_lines": 13, "num_points": 11, "num_sides_with_points": 3, "num_points_on_sides": [2, 2, 1], "vertices": [[1, 9], [2, 17], [9, 20], [19, 16], [19, 2], [5, 0]], "bound_edges": [[[5, 0], [1, 9]], [[1, 9], [2, 17]], [[2, 17], [9, 20]], [[9, 20], [19, 16]], [[19, 16], [19, 2]], [[19, 2], [5, 0]]], "points_on_edge": [[12.333333333333332, 18.666666666666668], [15.666666666666666, 17.333333333333332], [4.333333333333333, 18.0], [6.666666666666666, 19.0], [19.0, 9.0]], "inner_edges": [[[12.333333333333332, 18.666666666666668], [5, 0]], [[15.666666666666666, 17.333333333333332], [19.0, 9.0]], [[4.333333333333333, 18.0], [19.0, 9.0]], [[4.333333333333333, 18.0], [19, 2]], [[4.333333333333333, 18.0], [5, 0]], [[6.666666666666666, 19.0], [1, 9]], [[19.0, 9.0], [6.666666666666666, 19.0]]]}