{"shape": "hexagon", "num_sides": 6, "num_lines": 11, "num_points": 10, "num_sides_with_points": 2, "num_points_on_sides": [2, 2], "vertices": [[0, 8], [1, 20], [14, 20], [19, 14], [20, 7], [11, 0]], "bound_edges": [[[11, 0], [0, 8]], [[0, 8], [1, 20]], [[1, 20], [14, 20]], [[14, 20], [19, 14]], [[19, 14], [20, 7]], [[20, 7], [11, 0]]], "points_on_edge": [[0.3333333333333333, 12.0], [0.6666666666666666, 16.0], [15.666666666666666, 18.0], [17.333333333333332, 16.0]], "inner_edges": [[[0.3333333333333333, 12.0], [19, 14]], [[0.6666666666666666, 16.0], [20, 7]], [[15.666666666666666, 18.0], [20, 7]], [[17.333333333333332, 16.0], [0.3333333333333333, 12.0]], [[17.333333333333332, 16.0], [0.6666666666666666, 16.0]]]}