{"shape": "hexagon", "num_sides": 6, "num_lines": 10, "num_points": 10, "num_sides_with_points": 2, "num_points_on_sides": [2, 2], "vertices": [[2, 15], [4, 18], [9, 20], [19, 17], [20, 3], [13, 1]], "bound_edges": [[[13, 1], [2, 15]], [[2, 15], [4, 18]], [[4, 18], [9, 20]], [[9, 20], [19, 17]], [[19, 17], [20, 3]], [[20, 3], [13, 1]]], "points_on_edge": [[12.333333333333332, 19.0], [15.666666666666666, 18.0], [17.666666666666668, 2.3333333333333335], [15.333333333333334, 1.6666666666666667]], "inner_edges": [[[12.333333333333332, 19.0], [2, 15]], [[15.666666666666666, 18.0], [2, 15]], [[17.666666666666668, 2.3333333333333335], [9, 20]], [[15.333333333333334, 1.6666666666666667], [12.333333333333332, 19.0]]]}