{"shape": "pentagon", "num_sides": 5, "num_lines": 9, "num_points": 9, "num_sides_with_points": 3, "num_points_on_sides": [1, 2, 1], "vertices": [[1, 9], [5, 20], [17, 16], [19, 2], [9, 0]], "bound_edges": [[[9, 0], [1, 9]], [[1, 9], [5, 20]], [[5, 20], [17, 16]], [[17, 16], [19, 2]], [[19, 2], [9, 0]]], "points_on_edge": [[11.0, 18.0], [17.666666666666668, 11.333333333333334], [18.333333333333332, 6.666666666666668], [14.0, 1.0]], "inner_edges": [[[11.0, 18.0], [9, 0]], [[17.666666666666668, 11.333333333333334], [1, 9]], [[18.333333333333332, 6.666666666666668], [11.0, 18.0]], [[14.0, 1.0], [11.0, 18.0]]]}