{"shape": "pentagon", "num_sides": 5, "num_lines": 12, "num_points": 12, "num_sides_with_points": 4, "num_points_on_sides": [1, 2, 2, 2], "vertices": [[0, 5], [7, 20], [15, 17], [20, 9], [17, 2]], "bound_edges": [[[17, 2], [0, 5]], [[0, 5], [7, 20]], [[7, 20], [15, 17]], [[15, 17], [20, 9]], [[20, 9], [17, 2]]], "points_on_edge": [[8.5, 3.5], [16.666666666666668, 14.333333333333334], [18.333333333333332, 11.666666666666668], [2.333333333333333, 10.0], [4.666666666666666, 15.0], [19.0, 6.666666666666667], [18.0, 4.333333333333334]], "inner_edges": [[[8.5, 3.5], [15, 17]], [[16.666666666666668, 14.333333333333334], [19.0, 6.666666666666667]], [[18.333333333333332, 11.666666666666668], [0, 5]], [[2.333333333333333, 10.0], [20, 9]], [[4.666666666666666, 15.0], [20, 9]], [[19.0, 6.666666666666667], [15, 17]], [[18.0, 4.333333333333334], [4.666666666666666, 15.0]]]}