{"shape": "quadrilateral", "num_sides": 4, "num_lines": 12, "num_points": 8, "num_sides_with_points": 2, "num_points_on_sides": [2, 2], "vertices": [[0, 15], [12, 20], [19, 18], [18, 3]], "bound_edges": [[[18, 3], [0, 15]], [[0, 15], [12, 20]], [[12, 20], [19, 18]], [[19, 18], [18, 3]]], "points_on_edge": [[18.666666666666668, 13.0], [18.333333333333332, 8.0], [14.333333333333332, 19.333333333333332], [16.666666666666664, 18.666666666666668]], "inner_edges": [[[18.666666666666668, 13.0], [0, 15]], [[18.333333333333332, 8.0], [0, 15]], [[14.333333333333332, 19.333333333333332], [18, 3]], [[14.333333333333332, 19.333333333333332], [18.666666666666668, 13.0]], [[14.333333333333332, 19.333333333333332], [18.333333333333332, 8.0]], [[16.666666666666664, 18.666666666666668], [0, 15]], [[16.666666666666664, 18.666666666666668], [18.333333333333332, 8.0]], [[16.666666666666664, 18.666666666666668], [18, 3]]]}