{"shape": "quadrilateral", "num_sides": 4, "num_lines": 17, "num_points": 8, "num_sides_with_points": 3, "num_points_on_sides": [1, 2, 1], "vertices": [[0, 19], [19, 19], [19, 5], [12, 3]], "bound_edges": [[[12, 3], [0, 19]], [[0, 19], [19, 19]], [[19, 19], [19, 5]], [[19, 5], [12, 3]]], "points_on_edge": [[6.0, 11.0], [19.0, 14.333333333333334], [19.0, 9.666666666666668], [15.5, 4.0]], "inner_edges": [[[6.0, 11.0], [19, 5]], [[6.0, 11.0], [19, 19]], [[6.0, 11.0], [19.0, 14.333333333333334]], [[19.0, 14.333333333333334], [12, 3]], [[19.0, 14.333333333333334], [0, 19]], [[19.0, 14.333333333333334], [15.5, 4.0]], [[19.0, 9.666666666666668], [12, 3]], [[19.0, 9.666666666666668], [0, 19]], [[19.0, 9.666666666666668], [15.5, 4.0]], [[19.0, 9.666666666666668], [6.0, 11.0]], [[15.5, 4.0], [6.0, 11.0]], [[15.5, 4.0], [0, 19]], [[15.5, 4.0], [19, 19]]]}