{"shape": "pentagon", "num_sides": 5, "num_lines": 15, "num_points": 11, "num_sides_with_points": 4, "num_points_on_sides": [1, 2, 1, 2], "vertices": [[0, 19], [14, 18], [20, 6], [18, 1], [11, 0]], "bound_edges": [[[11, 0], [0, 19]], [[0, 19], [14, 18]], [[14, 18], [20, 6]], [[20, 6], [18, 1]], [[18, 1], [11, 0]]], "points_on_edge": [[14.5, 0.5], [16.0, 14.0], [18.0, 10.0], [19.0, 3.5], [4.666666666666666, 18.666666666666668], [9.333333333333332, 18.333333333333332]], "inner_edges": [[[14.5, 0.5], [0, 19]], [[16.0, 14.0], [11, 0]], [[16.0, 14.0], [14.5, 0.5]], [[16.0, 14.0], [0, 19]], [[18.0, 10.0], [0, 19]], [[18.0, 10.0], [9.333333333333332, 18.333333333333332]], [[18.0, 10.0], [19.0, 3.5]], [[19.0, 3.5], [14, 18]], [[4.666666666666666, 18.666666666666668], [20, 6]], [[9.333333333333332, 18.333333333333332], [11, 0]]]}