{"shape": "pentagon", "num_sides": 5, "num_lines": 25, "num_points": 13, "num_sides_with_points": 5, "num_points_on_sides": [2, 1, 2, 1, 2], "vertices": [[0, 15], [13, 19], [20, 13], [20, 7], [13, 0]], "bound_edges": [[[13, 0], [0, 15]], [[0, 15], [13, 19]], [[13, 19], [20, 13]], [[20, 13], [20, 7]], [[20, 7], [13, 0]]], "points_on_edge": [[4.333333333333333, 16.333333333333332], [8.666666666666666, 17.666666666666668], [16.5, 16.0], [8.666666666666668, 5.0], [4.333333333333334, 10.0], [16.5, 3.5], [20.0, 11.0], [20.0, 9.0]], "inner_edges": [[[4.333333333333333, 16.333333333333332], [20.0, 9.0]], [[4.333333333333333, 16.333333333333332], [8.666666666666668, 5.0]], [[4.333333333333333, 16.333333333333332], [20, 13]], [[4.333333333333333, 16.333333333333332], [20.0, 11.0]], [[8.666666666666666, 17.666666666666668], [20, 7]], [[8.666666666666666, 17.666666666666668], [16.5, 16.0]], [[16.5, 16.0], [20.0, 9.0]], [[16.5, 16.0], [13, 0]], [[16.5, 16.0], [0, 15]], [[8.666666666666668, 5.0], [13, 19]], [[8.666666666666668, 5.0], [20.0, 11.0]], [[8.666666666666668, 5.0], [20, 7]], [[4.333333333333334, 10.0], [16.5, 16.0]], [[16.5, 3.5], [4.333333333333333, 16.333333333333332]], [[16.5, 3.5], [8.666666666666668, 5.0]], [[16.5, 3.5], [16.5, 16.0]], [[20.0, 11.0], [13, 0]], [[20.0, 11.0], [13, 19]], [[20.0, 11.0], [16.5, 3.5]], [[20.0, 9.0], [8.666666666666668, 5.0]]]}