{"shape": "quadrilateral", "num_sides": 4, "num_lines": 10, "num_points": 10, "num_sides_with_points": 4, "num_points_on_sides": [2, 1, 2, 1], "vertices": [[2, 14], [20, 19], [20, 2], [13, 1]], "bound_edges": [[[13, 1], [2, 14]], [[2, 14], [20, 19]], [[20, 19], [20, 2]], [[20, 2], [13, 1]]], "points_on_edge": [[17.666666666666668, 1.6666666666666667], [15.333333333333334, 1.3333333333333335], [20.0, 10.5], [9.333333333333334, 5.333333333333333], [5.666666666666667, 9.666666666666666], [11.0, 16.5]], "inner_edges": [[[17.666666666666668, 1.6666666666666667], [11.0, 16.5]], [[15.333333333333334, 1.3333333333333335], [2, 14]], [[20.0, 10.5], [5.666666666666667, 9.666666666666666]], [[9.333333333333334, 5.333333333333333], [17.666666666666668, 1.6666666666666667]], [[5.666666666666667, 9.666666666666666], [20, 19]], [[11.0, 16.5], [20.0, 10.5]]]}