{"shape": "pentagon", "num_sides": 5, "num_lines": 19, "num_points": 9, "num_sides_with_points": 3, "num_points_on_sides": [2, 1, 1], "vertices": [[0, 6], [1, 17], [18, 19], [20, 8], [13, 1]], "bound_edges": [[[13, 1], [0, 6]], [[0, 6], [1, 17]], [[1, 17], [18, 19]], [[18, 19], [20, 8]], [[20, 8], [13, 1]]], "points_on_edge": [[17.666666666666668, 5.666666666666667], [15.333333333333334, 3.333333333333334], [6.5, 3.5], [9.5, 18.0]], "inner_edges": [[[17.666666666666668, 5.666666666666667], [6.5, 3.5]], [[17.666666666666668, 5.666666666666667], [9.5, 18.0]], [[17.666666666666668, 5.666666666666667], [1, 17]], [[17.666666666666668, 5.666666666666667], [18, 19]], [[17.666666666666668, 5.666666666666667], [0, 6]], [[15.333333333333334, 3.333333333333334], [0, 6]], [[15.333333333333334, 3.333333333333334], [1, 17]], [[15.333333333333334, 3.333333333333334], [9.5, 18.0]], [[15.333333333333334, 3.333333333333334], [6.5, 3.5]], [[6.5, 3.5], [9.5, 18.0]], [[6.5, 3.5], [18, 19]], [[6.5, 3.5], [20, 8]], [[9.5, 18.0], [0, 6]], [[9.5, 18.0], [20, 8]]]}