{"shape": "pentagon", "num_sides": 5, "num_lines": 11, "num_points": 11, "num_sides_with_points": 4, "num_points_on_sides": [2, 1, 2, 1], "vertices": [[0, 3], [2, 19], [20, 11], [20, 3], [5, 0]], "bound_edges": [[[5, 0], [0, 3]], [[0, 3], [2, 19]], [[2, 19], [20, 11]], [[20, 11], [20, 3]], [[20, 3], [5, 0]]], "points_on_edge": [[8.0, 16.333333333333332], [14.0, 13.666666666666668], [1.0, 11.0], [15.0, 2.0], [10.0, 1.0], [2.5, 1.5]], "inner_edges": [[[8.0, 16.333333333333332], [0, 3]], [[14.0, 13.666666666666668], [10.0, 1.0]], [[1.0, 11.0], [20, 3]], [[15.0, 2.0], [2, 19]], [[10.0, 1.0], [2.5, 1.5]], [[2.5, 1.5], [20, 3]]]}