{"shape": "pentagon", "num_sides": 5, "num_lines": 25, "num_points": 12, "num_sides_with_points": 4, "num_points_on_sides": [2, 1, 2, 2], "vertices": [[1, 16], [6, 20], [20, 20], [20, 8], [11, 0]], "bound_edges": [[[11, 0], [1, 16]], [[1, 16], [6, 20]], [[6, 20], [20, 20]], [[20, 20], [20, 8]], [[20, 8], [11, 0]]], "points_on_edge": [[20.0, 16.0], [20.0, 12.0], [15.5, 4.0], [2.6666666666666665, 17.333333333333332], [4.333333333333333, 18.666666666666668], [10.666666666666666, 20.0], [15.333333333333332, 20.0]], "inner_edges": [[[20.0, 16.0], [1, 16]], [[20.0, 16.0], [11, 0]], [[20.0, 16.0], [15.5, 4.0]], [[20.0, 16.0], [2.6666666666666665, 17.333333333333332]], [[20.0, 12.0], [15.5, 4.0]], [[20.0, 12.0], [6, 20]], [[15.5, 4.0], [4.333333333333333, 18.666666666666668]], [[15.5, 4.0], [2.6666666666666665, 17.333333333333332]], [[15.5, 4.0], [1, 16]], [[15.5, 4.0], [6, 20]], [[2.6666666666666665, 17.333333333333332], [20, 8]], [[2.6666666666666665, 17.333333333333332], [10.666666666666666, 20.0]], [[2.6666666666666665, 17.333333333333332], [20.0, 12.0]], [[4.333333333333333, 18.666666666666668], [20.0, 12.0]], [[4.333333333333333, 18.666666666666668], [11, 0]], [[10.666666666666666, 20.0], [11, 0]], [[10.666666666666666, 20.0], [20.0, 12.0]], [[10.666666666666666, 20.0], [1, 16]], [[15.333333333333332, 20.0], [11, 0]], [[15.333333333333332, 20.0], [20, 8]]]}