{"shape": "quadrilateral", "num_sides": 4, "num_lines": 7, "num_points": 6, "num_sides_with_points": 1, "num_points_on_sides": [2], "vertices": [[0, 18], [13, 18], [20, 12], [13, 1]], "bound_edges": [[[13, 1], [0, 18]], [[0, 18], [13, 18]], [[13, 18], [20, 12]], [[20, 12], [13, 1]]], "points_on_edge": [[17.666666666666668, 8.333333333333334], [15.333333333333334, 4.666666666666667]], "inner_edges": [[[17.666666666666668, 8.333333333333334], [0, 18]], [[15.333333333333334, 4.666666666666667], [0, 18]], [[15.333333333333334, 4.666666666666667], [13, 18]]]}