{"shape": "quadrilateral", "num_sides": 4, "num_lines": 7, "num_points": 6, "num_sides_with_points": 1, "num_points_on_sides": [2], "vertices": [[0, 19], [19, 20], [18, 10], [13, 4]], "bound_edges": [[[13, 4], [0, 19]], [[0, 19], [19, 20]], [[19, 20], [18, 10]], [[18, 10], [13, 4]]], "points_on_edge": [[8.666666666666668, 9.0], [4.333333333333334, 14.0]], "inner_edges": [[[8.666666666666668, 9.0], [19, 20]], [[4.333333333333334, 14.0], [18, 10]], [[4.333333333333334, 14.0], [19, 20]]]}